FIELD,ID,RA_x,DEC_x,Z_50,id3DHST,ir_SFR-ladder_total,ir_SFR-ladder_total_Av,synth_Av,ir_A_V,gf_n_j,gf_dn_j,gf_f_j,gf_re_j,gf_dre_j,td_Av,ACS_F435W_FLUX,ACS_F775W_FLUX,restalt_restUjohnson,restalt_restVjohnson,td_flag1,td_z_best,td_z_spec,td_z_best_s,td_z_peak_phot,td_lmass,td_sfr,td_sfr_IR,td_sfr_UV,ir_z_ir,ir_SFR-UV_corr,ir_SFR-UV_corr_Error,ir_SFR-IR,ir_UV_beta,ir_beta_obs,ir_beta_obs_err,DL,restUjohnson,restVjohnson
GN1,35952,189.30672151,62.334217007,0.2415309308306832,35952,0.42855,0.383,0.2,0.086,1.2381,0.38717,0,0.885408,0.16136,0.0,2.3692,5.31327,-17.578445,-18.351835,0,0.2777,0.2777,1,0.2711,8.61,-99.0,-99.0,0.29391,0.28,0.42855,0.0150463,-0.220867,-2.1836,-2.1836,0.0,1226.6369198864215,,
GN3,35952,189.30672151,62.33421700699998,0.260204324588675,35952,0.42855,0.383,0.2,0.086,1.2381,0.38717,0,0.885408,0.16136,0.0,2.3692,5.31327,-17.578445,-18.351835,0,0.2777,0.2777,1,0.2711,8.61,-99.0,-99.0,0.29391,0.28,0.42855,0.0150463,-0.220867,-2.1836,-2.1836,0.0,1335.2392345943174,,
GN1,36067,189.30675486,62.33452752600002,0.2104428832024991,36067,0.6144,0.6144,0.0,0.192,0.4188,0.0636485,1,0.357774,0.0108193,0.0,2.3179,3.01644,-17.552989,-17.789335,0,0.27698,-1.0,2,0.026,7.89,0.55687,0.1141,0.44277,0.28,0.659846,0.0328936,0.131232,-1.9461,-1.9461,0.0,1049.866369673758,,
GN3,36067,189.30675486,62.33452752600002,0.1301202638182732,36067,0.6144,0.6144,0.0,0.192,0.4188,0.0636485,1,0.357774,0.0108193,0.0,2.3179,3.01644,-17.552989,-17.789335,0,0.27698,-1.0,2,0.026,7.89,0.55687,0.1141,0.44277,0.28,0.659846,0.0328936,0.131232,-1.9461,-1.9461,0.0,617.7006393787409,,
GN1,36521,189.31417898,62.340441925,0.2236639465193783,36521,0.565271,0.7642,0.1,0.404,1.5333,0.783321,0,0.428712,0.11156,0.6,2.2321,5.38956,-17.437104,-18.136792,0,0.2547,0.2547,1,0.2447,8.33,0.30231,0.034557,0.26775,0.25,0.565271,0.0647488,-0.165181,-1.5244,-1.5244,0.0,1124.4181126859014,,
GN1,36968,189.32673442,62.34633065299999,0.2599228660199431,36968,0.324375,0.324375,0.0,0.23,1.6147,0.0729157,0,0.689076,0.0181172,0.2,2.21497,7.13325,-17.170912,-18.19453,0,0.2318,0.2318,1,0.2943,8.78,0.16918,0.029981,0.1392,0.23,0.219992,0.0105922,0.174671,-1.872,-1.872,0.0,1333.5890677227135,,
GN1,37555,189.26732495,62.356712025,0.263790795436706,37555,0.265046,0.4081,0.1,0.468,1.2924,0.707644,0,0.717198,0.228661,0.4,0.96798,3.57096,-17.037753,-18.015173,0,0.29434,-1.0,2,0.2932,8.73,0.19838,0.049439,0.14894,0.3,0.265046,0.0355916,-0.26417,-1.3735,-1.3735,0.0,1356.301555785334,,
GN3,37555,189.26732495,62.356712025,0.2503931862009999,37555,0.265046,0.4081,0.1,0.468,1.2924,0.707644,0,0.717198,0.228661,0.4,0.96798,3.57096,-17.037753,-18.015173,0,0.29434,-1.0,2,0.2932,8.73,0.19838,0.049439,0.14894,0.3,0.265046,0.0355916,-0.26417,-1.3735,-1.3735,0.0,1277.9556157430366,,
GN1,37614,189.34019404,62.357355156,0.2898237337119585,37614,0.404491,0.5307,0.4,0.385,1.462,0.606676,0,0.251712,0.0439992,0.8,0.37972,0.89196,-17.067861,-17.716359,0,0.28467,-1.0,2,0.3464,7.65,-99.0,-99.0,0.05713,0.48,0.404491,0.0447635,-0.943538,-1.5662,-1.5662,0.0,1511.116696075603,,
GN1,37674,189.29696185,62.35930402500001,0.05598544475387126,37674,0.000261344,0.4841,0.1,1.274,0.7632,0.342294,0,0.424014,0.065116,0.1,0.15548,0.6207,-11.310862,-12.896373,-1,0.2069,-1.0,3,0.2069,7.61,-99.0,-99.0,0.0084387,0.08,0.000261344,0.00028005,-0.0109444,3.9992,6.7016,0.0,252.5636419320135,,
GN1,37683,189.30608926,62.360349807,0.2774810736218118,37683,1.57008,1.57008,0.0,0.594,0.8085,0.0706395,0,0.690642,0.0231143,0.7,4.99338,12.17853,-18.532061,-19.200056,0,0.2195,-1.0,3,0.2195,8.61,0.75561,0.3222,0.4334,0.28,1.84496,0.316932,0.731772,-1.0059,-1.0059,0.0,1437.295927009079,,
GN1,37966,189.3062176,62.369608306,0.1546590106557125,37966,0.309326,0.3614,0.4,0.294,0.2,0.881473,2,0.455016,0.491073,0.4,0.26262,0.43766,-16.495579,-16.90698,-1,0.1471,-1.0,3,0.1471,6.77,0.012621,0.0033072,0.0093142,0.54,0.309326,0.0245031,-1.28334,-1.7501,-1.7501,0.0,745.8441810522532,,
GN1,37991,189.27889453,62.37117678300001,0.2687725224340357,37991,0.0623071,0.5228,0.0,0.984,0.8178,0.33713,0,0.725922,0.103739,1.1,0.75458,2.17823,-14.74123,-15.807217,0,0.15315,-1.0,2,0.1534,7.7,-99.0,-99.0,0.021858,0.16,0.0623071,0.0113588,-0.054728,0.1268,0.3467,0.0,1385.6656172328721,,
GN1,38154,189.2945189,62.377430343,0.2856058577925683,38154,0.0213834,0.0299,0.0,0.415,0.6725,0.430345,0,0.24522,0.0355128,0.5,0.30517,0.70337,-14.077026,-15.001171,-1,0.1864,-1.0,3,0.1864,7.18,0.021194,0.0013988,0.019796,0.18,0.0213834,0.00301541,-0.0728296,-1.5004,-1.5004,0.0,1485.8053205584056,,
GN2,10153,189.24653388,62.19293635500001,0.2752142160906735,10153,0.0225043,0.02193,0.1,0.113,0.7952,0.123085,0,0.357366,0.0180556,0.1,0.18315,0.48271,-14.579275,-15.343433,-1,0.291,-1.0,3,0.291,7.65,-99.0,-99.0,0.029267,0.25,0.0225043,0.000661943,-0.165181,-2.115,-2.115,0.0,1423.819970661329,,
GN2,12088,189.25355121,62.20206570300001,0.2155408691691401,12088,0.0249626,0.02821,0.0,0.21,1.2473,0.141899,0,0.465666,0.0232938,0.2,0.20164,0.58568,-14.569841,-15.510813,-1,0.2098,-1.0,3,0.2098,7.51,-99.0,-99.0,0.011232,0.25,0.0249626,0.00303951,-0.165181,-1.9119,-1.9119,0.0,1078.502536957519,,
GN2,14701,189.24295114,62.21421665399998,0.2444789680373674,14701,0.026513,0.08268,0.2,0.669,0.5666,0.179275,1,0.415062,0.0311122,0.4,0.38978,0.89418,-14.042141,-14.947703,0,0.28917,-1.0,2,0.2539,7.67,0.057363,0.0018819,0.055481,0.15,0.026513,0.00397435,-0.0468719,-0.7482,-0.7482,0.0,1243.6631008842803,,
GN2,15255,189.27384778,62.21758860699998,0.01177229785441014,15255,0.0280394,0.03965,0.1,0.459,0.9219,0.127083,0,0.667722,0.0375666,0.0,2.23473,5.97949,-15.05852,-16.169363,0,0.109,0.109,1,0.0806,7.96,-99.0,-99.0,0.025528,0.11,0.0280394,0.00105303,-0.0225978,-1.3974,-1.3974,0.0,51.381020234425705,,
GN4,15255,189.27384778,62.21758860700001,0.1744901215269751,15255,0.0280394,0.03965,0.1,0.459,0.9219,0.127083,0,0.667722,0.0375666,0.0,2.23473,5.97949,-15.05852,-16.169363,0,0.109,0.109,1,0.0806,7.96,-99.0,-99.0,0.025528,0.11,0.0280394,0.00105303,-0.0225978,-1.3974,-1.3974,0.0,851.9349931680141,,
GN2,15610,189.21272212,62.222423294,0.1992416776871956,15610,1.28475,1.28475,0.1,0.523,1.2779,0.102868,0,1.49332,0.0708744,0.3,17.46612,50.43783,-18.985366,-19.971201,0,0.2008,0.2008,1,0.2096,9.43,1.121,0.27426,0.8467,0.2,1.64124,0.0708243,0.564242,-1.2266,-1.2266,0.0,987.4400743034412,,
GN2,16080,189.23962658,62.22134484399998,0.1917005160238804,16080,0.00193873,0.009329,0.2,0.772,0.5618,0.410878,0,0.34383,0.0650157,0.1,0.10628,0.35732,-12.346416,-13.531272,-1,0.1538,-1.0,3,0.1538,7.04,0.0086456,0.0063618,0.0022838,0.13,0.00193873,0.000391905,-0.0333741,-0.4144,-0.4144,0.0,945.7967545884699,,
GN2,16624,189.19553993,62.22436921700002,0.2751869771884076,16624,0.00120802,0.01857,0.2,1.26,0.2579,0.00661478,0,0.707346,0.00421524,0.3,0.11442,0.4509,-12.195363,-13.322329,-1,0.2896,-1.0,3,0.2896,7.53,0.048396,0.032275,0.016121,0.11,0.00120802,0.000167844,-0.0225978,0.7584,1.8252,0.0,1423.65819715376,,
GN2,17963,189.1534668,62.23099412800001,0.1970735463674067,17963,20.1768,18.13,0.4,0.468,0.285,0.115964,1,0.318642,0.0319827,0.0,0.22425,0.4951,-21.011006,-21.206885,-1,0.1906,2.856,3,0.1906,9.32,0.024886,0.015046,0.0098398,2.86,20.1768,0.875138,-126.94,-1.7001,-1.7659,0.1089,975.4354687235501,,
GN7,17963,189.1534668,62.23099412800001,0.2116058729064601,17963,20.1768,18.13,0.4,0.468,0.285,0.115964,1,0.318642,0.0319827,0.0,0.22425,0.4951,-21.011006,-21.206885,-1,0.1906,2.856,3,0.1906,9.32,0.024886,0.015046,0.0098398,2.86,20.1768,0.875138,-126.94,-1.7001,-1.7659,0.1089,1056.3867729907774,,
GN2,18157,189.18229328,62.23245815499999,0.1968138893998585,18157,0.616173,1.106,0.2,0.523,1.1696,0.432825,0,1.16805,0.242844,0.7,5.02153,15.99987,-17.627013,-18.692137,0,0.2013,0.2013,1,0.2078,8.96,0.29487,0.046595,0.24828,0.2,0.616173,0.0958844,-0.094367,-1.2265,-1.2265,0.0,973.9995107578957,,
GN2,18712,189.19739535,62.23418916799999,0.08999590997995019,18712,0.00979744,0.01029,0.0,0.179,0.5206,0.0686382,1,0.426288,0.0138233,0.1,0.36612,0.59143,-13.309739,-14.054888,-1,0.1428,-1.0,3,0.1428,6.8,0.010927,0.0012369,0.0096896,0.12,0.00979744,0.00045075,-0.0276628,-1.9728,-1.9728,0.0,415.87253957236175,,
GN2,19221,189.20126644,62.240701729,0.1396305993941193,19221,1.8332,1.8332,0.2,0.538,1.6737,0.0458735,0,0.600048,0.00884646,1.0,40.04966,92.2314,-18.874882,-19.713562,0,0.139,0.139,1,0.1503,9.05,1.5028,0.5933,0.90949,0.14,1.8831,0.22231,0.975161,-1.1823,-1.1823,0.0,666.9478951892702,,
GN2,19451,189.2354166294731,62.23885559345218,0.1062816709756673,19451,0.0971958,0.1241,0.0,0.376,0.6636,0.0984218,0,0.584442,0.0280042,0.5,6.35188,14.38078,-16.194793,-17.051681,0,0.1045,0.1045,1,0.1385,8.21,0.094562,0.0067633,0.087798,0.1,0.0971958,0.00850928,-0.0181454,-1.5852,-1.5852,0.0,496.6171729785194,,
GN4,19451,189.23541663,62.23885558500001,0.09818576655749126,19451,0.0971958,0.1241,0.0,0.376,0.6636,0.0984218,0,0.584442,0.0280042,0.5,6.35188,14.38078,-16.194793,-17.051681,0,0.1045,0.1045,1,0.1385,8.21,0.094562,0.0067633,0.087798,0.1,0.0971958,0.00850928,-0.0181454,-1.5852,-1.5852,0.0,456.274921893954,,
GN2,20344,189.14604922,62.241581175,0.2890702830169201,20344,0.29271,0.3957,0.2,0.404,1.1664,0.650855,0,0.70755,0.19436,0.2,0.73217,1.99384,-16.663724,-17.431258,0,0.2965,0.2965,1,0.2892,8.29,0.12886,0.013359,0.1155,0.3,0.29271,0.0335284,-0.26417,-1.5244,-1.5244,0.0,1506.5888500467888,,
GN2,20457,189.14395296,62.24235084999999,0.2165029536977515,20457,0.109531,591.2,0.0,1.274,4.2341,5.05955,2,0.018,0.00814002,0.3,0.18394,1.99946,-16.207316,-18.425653,0,0.18649,-1.0,2,0.1911,8.82,0.067273,0.063684,0.0035895,0.47,0.109531,0.129417,-0.891083,4.7683,8.0773,0.0,1083.92233773697,,
GN7,20457,189.14395296,62.24235085000001,0.2365374894107167,20457,0.109531,591.2,0.0,1.274,4.2341,5.05955,2,0.018,0.00814002,0.3,0.18394,1.99946,-16.207316,-18.425653,0,0.18649,-1.0,2,0.1911,8.82,0.067273,0.063684,0.0035895,0.47,0.109531,0.129417,-0.891083,4.7683,8.0773,0.0,1197.9006295150473,,
GN2,20713,189.14436106,62.24363377799999,0.1621893120003461,20713,0.0815164,0.9357,0.0,1.142,1.2487,0.0490529,0,0.214038,0.00275606,0.0,0.25514,0.75118,-14.886763,-15.795215,-1,0.2172,-1.0,3,0.2172,7.74,0.025846,0.0083311,0.017515,0.25,0.0815164,0.0132033,-0.165181,0.473,0.7202,0.0,785.8659599578912,,
GN2,20766,189.2399454295018,62.24386615053582,0.2633149236607076,20766,0.380157,1.387,0.1,0.708,1.1038,0.0672819,0,1.13335,0.0378607,0.1,1.03728,3.35009,-16.792582,-17.739496,0,0.2662,0.2662,1,0.2488,8.62,-99.0,-99.0,0.11366,0.27,0.380157,0.0540993,-0.201113,-0.6155,-0.6155,0.0,1353.503150007098,,
GN4,20766,189.23994543,62.243866149,0.2310879780094346,20766,0.380157,1.387,0.1,0.708,1.1038,0.0672819,0,1.13335,0.0378607,0.1,1.03728,3.35009,-16.792582,-17.739496,0,0.2662,0.2662,1,0.2488,8.62,-99.0,-99.0,0.11366,0.27,0.380157,0.0540993,-0.201113,-0.6155,-0.6155,0.0,1166.6883118586384,,
GN2,21693,189.2325241499276,62.24847399031422,0.2819808192873829,21693,0.0238438,0.02827,0.0,0.316,1.7696,0.995716,0,0.853224,0.297149,0.2,0.37442,2.41811,-14.612048,-16.37718,0,0.30604,-1.0,2,0.2798,8.75,0.12598,0.059522,0.06646,0.19,0.0238438,0.0017389,-0.0831503,-1.707,-1.707,0.0,1464.121519596729,,
GN4,21693,189.23252415,62.24847398999999,0.2867762710963165,21693,0.0238438,0.02827,0.0,0.316,1.7696,0.995716,0,0.853224,0.297149,0.2,0.37442,2.41811,-14.612048,-16.37718,0,0.30604,-1.0,2,0.2798,8.75,0.12598,0.059522,0.06646,0.19,0.0238438,0.0017389,-0.0831503,-1.707,-1.707,0.0,1492.820182294956,,
GN2,22443,189.2412273699808,62.25200297902295,0.08200928573646311,22443,0.0260216,0.03102,0.0,0.302,0.7461,0.316504,0,0.328494,0.0414448,0.4,0.83476,1.4572,-14.230776,-14.878007,0,0.1164,0.1164,1,0.0923,7.07,0.019815,0.0051866,0.014628,0.12,0.0260216,0.00259747,-0.0276628,-1.7346,-1.7346,0.0,376.8715199981058,,
GN2,24005,189.2070535600233,62.25952191200454,0.2181832470425671,24005,0.135649,0.2946,0.2,0.588,0.8822,0.248762,0,0.576792,0.0553167,0.1,0.65646,2.50087,-16.132766,-17.229226,0,0.2542,0.2542,1,0.2354,8.36,-99.0,-99.0,0.056977,0.25,0.135649,0.0146142,-0.165181,-1.0254,-1.0254,0.0,1093.3999541949493,,
GN2,27864,189.205116090814,62.27928920165296,0.1540994723911999,27864,0.0168145,0.0535,0.0,0.668,0.8767,0.441808,0,0.2952,0.0502884,0.1,0.5193,1.36931,-14.249076,-15.239887,0,0.143,0.143,1,0.115,7.5,0.01554,0.0010028,0.014537,0.14,0.0168145,0.00314104,-0.0397656,-0.7508,-0.7508,0.0,742.883329120798,,
GN3,26767,189.26841052,62.273275856,0.2833850336170852,26767,0.0461198,0.04622,0.2,0.0,1.896,0.161077,0,0.161532,0.0053729,0.0,0.24099,0.79667,-15.632825,-16.526582,0,0.28467,-1.0,2,0.2954,8.09,0.096252,0.051188,0.045063,0.31,0.0461198,0.000375025,-0.287809,-2.2202,-2.2202,0.0,1472.5133781084758,,
GN4,26767,189.26841052,62.27327585599999,0.2140607069098986,26767,0.0461198,0.04622,0.2,0.0,1.896,0.161077,0,0.161532,0.0053729,0.0,0.24099,0.79667,-15.632825,-16.526582,0,0.28467,-1.0,2,0.2954,8.09,0.096252,0.051188,0.045063,0.31,0.0461198,0.000375025,-0.287809,-2.2202,-2.2202,0.0,1070.1738744290585,,
GN3,26823,189.245094,62.27718569200001,0.2980294621327578,26823,3.84979,3.84979,0.7,0.7,0.9073,0.488596,0,1.09206,0.315464,0.9,8.21916,46.36899,-19.382396,-20.757611,0,0.299,0.299,1,0.297,10.12,3.0651,2.0909,0.97421,0.3,1.88578,0.121644,3.1696,-0.8319,-0.8319,0.0,1560.6083687606692,,
GN4,26823,189.245094,62.27718569200001,0.2980020343062498,26823,3.84979,3.84979,0.7,0.7,0.9073,0.488596,0,1.09206,0.315464,0.9,8.21916,46.36899,-19.382396,-20.757611,0,0.299,0.299,1,0.297,10.12,3.0651,2.0909,0.97421,0.3,1.88578,0.121644,3.1696,-0.8319,-0.8319,0.0,1560.4423959711612,,
GN3,26910,189.27513561,62.273808635,0.2111103322623799,26910,0.0795224,0.4436,0.0,0.835,0.7885,0.0641863,0,0.330894,0.00861056,0.5,0.40965,0.89234,-15.023362,-15.70693,0,0.20865,-1.0,2,0.2291,7.41,0.028773,0.0017021,0.027071,0.21,0.0795224,0.00949183,-0.106516,-0.236,-0.236,0.0,1053.607591484785,,
GN4,26910,189.27513561,62.273808635,0.2094951051830281,26910,0.0795224,0.4436,0.0,0.835,0.7885,0.0641863,0,0.330894,0.00861056,0.5,0.40965,0.89234,-15.023362,-15.70693,0,0.20865,-1.0,2,0.2291,7.41,0.028773,0.0017021,0.027071,0.21,0.0795224,0.00949183,-0.106516,-0.236,-0.236,0.0,1044.5579537384467,,
GN3,27689,189.25178857,62.279172411,0.1076127172138365,27689,0.00363995,0.02798,0.0,0.943,1.4337,0.204505,0,0.35895,0.0245804,0.0,0.59078,1.82769,-12.755035,-14.108228,0,0.11349,-1.0,2,0.1132,7.5,-99.0,-99.0,0.0045372,0.08,0.00363995,0.000679598,-0.0109444,0.0331,0.3496,0.0,503.2879737300313,,
GN4,27689,189.25178857,62.27917241099998,0.1075989215276381,27689,0.00363995,0.02798,0.0,0.943,1.4337,0.204505,0,0.35895,0.0245804,0.0,0.59078,1.82769,-12.755035,-14.108228,0,0.11349,-1.0,2,0.1132,7.5,-99.0,-99.0,0.0045372,0.08,0.00363995,0.000679598,-0.0109444,0.0331,0.3496,0.0,503.21877888521215,,
GN3,27877,189.23304432,62.27914495500001,0.2101315545819764,27877,0.0187198,0.03828,0.0,0.569,0.7061,0.218882,0,0.55632,0.0528688,0.3,0.20953,0.50384,25.961778,25.050666,-1,0.2216,-1.0,3,0.2216,7.14,-99.0,-99.0,0.020207,0.1701,0.0187198,0.00233929,-0.0634625,-1.0875,-1.0875,0.0,1048.1221136260588,,
GN4,27877,189.23304432,62.27914495500001,0.2102076654270029,27877,0.0187198,0.03828,0.0,0.569,0.7061,0.218882,0,0.55632,0.0528688,0.3,0.20953,0.50384,25.961778,25.050666,-1,0.2216,-1.0,3,0.2216,7.14,-99.0,-99.0,0.020207,0.1701,0.0187198,0.00233929,-0.0634625,-1.0875,-1.0875,0.0,1048.5484855933212,,
GN3,30243,189.21445465,62.29254371200002,0.2143951190464114,30243,0.125516,0.1163,0.1,0.106,1.6556,1.67093,0,0.16794,0.0709509,0.1,1.25772,2.94513,-16.277786,-16.968648,0,0.2123,0.2123,1,0.2241,8.27,0.13429,0.030605,0.10369,0.21,0.125516,0.00352616,-0.106516,-2.1323,-2.1323,0.0,1072.0545377493343,,
GN5,30243,189.21445465,62.29254371200002,0.2132622579193781,30243,0.125516,0.1163,0.1,0.106,1.6556,1.67093,0,0.16794,0.0709509,0.1,1.25772,2.94513,-16.277786,-16.968648,0,0.2123,0.2123,1,0.2241,8.27,0.13429,0.030605,0.10369,0.21,0.125516,0.00352616,-0.106516,-2.1323,-2.1323,0.0,1065.6859905222043,,
GN3,30727,189.28095568,62.29455529600001,0.1808592583596741,30727,0.0217202,0.02117,0.1,0.113,0.6303,0.282175,0,0.120018,0.0130985,0.0,0.17961,0.46001,-14.806289,-15.481353,-1,0.2833,-1.0,3,0.2833,7.7,0.038764,0.0063821,0.032382,0.25,0.0217202,0.000638879,-0.165181,-2.115,-2.115,0.0,886.4788430492118,,
GN4,30727,189.28095568,62.29455529599998,0.1880356760859567,30727,0.0217202,0.02117,0.1,0.113,0.6303,0.282175,0,0.120018,0.0130985,0.0,0.17961,0.46001,-14.806289,-15.481353,-1,0.2833,-1.0,3,0.2833,7.7,0.038764,0.0063821,0.032382,0.25,0.0217202,0.000638879,-0.165181,-2.115,-2.115,0.0,925.671827595177,,
GN3,31334,189.34837938,62.29858130200001,0.1278880296188023,31334,0.0425386,0.06022,0.1,0.43,0.8839,0.582857,0,0.432558,0.105006,0.0,0.43735,0.92043,-14.40575,-15.244697,0,0.1474,-1.0,2,0.1403,7.33,-99.0,-99.0,0.009858,0.17,0.0425386,0.00518339,-0.0633679,-1.4669,-1.4669,0.0,606.2186602256567,,
GN3,31639,189.20690214,62.30000853299998,0.1410343981845591,31639,0.0137864,0.01736,0.0,0.334,1.6663,0.237593,0,0.184062,0.0115947,0.0,0.06542,0.27591,-14.023539,-15.163229,-1,0.2413,-1.0,3,0.2413,7.59,0.011883,0.0083835,0.0034998,0.29,0.0137864,0.00190753,-0.241874,-1.6712,-1.6712,0.0,674.2620548039612,,
GN5,31639,189.20690214,62.30000853299998,0.1550016519890807,31639,0.0137864,0.01736,0.0,0.334,1.6663,0.237593,0,0.184062,0.0115947,0.0,0.06542,0.27591,-14.023539,-15.163229,-1,0.2413,-1.0,3,0.2413,7.59,0.011883,0.0083835,0.0034998,0.29,0.0137864,0.00190753,-0.241874,-1.6712,-1.6712,0.0,747.6581891002894,,
GN3,31644,189.34088212,62.30033763599999,0.1906673499445987,31644,0.00347459,0.01887,0.9,0.829,1.1569,0.105185,0,0.814986,0.0390205,0.0,0.27048,0.91186,-12.086251,-13.326237,0,0.1853,-1.0,2,0.2353,7.74,-99.0,-99.0,0.017383,0.08,0.00347459,0.000364709,-0.0109444,-0.2518,-0.2518,0.0,940.1157817121093,,
GN3,31752,189.34123015,62.30173318999999,0.1173311248371484,31752,0.0987773,0.0987773,0.0,1.059,1.0089,0.600832,0,0.34407,0.075807,0.1,2.23234,4.55199,-15.398491,-16.076162,0,0.1167,0.1167,1,0.0788,7.81,0.081501,0.037968,0.043533,0.11,0.105586,0.0183154,0.0630322,0.2911,0.5033,0.0,552.3177746523938,,
GN3,31871,189.24789322,62.30155943099998,0.2412158021721158,31871,0.000764647,0.01176,0.2,1.26,0.9829,0.538694,0,0.205308,0.0273815,0.7,0.11023,0.39551,-11.582007,-12.72675,-1,0.2377,-1.0,3,0.2377,7.4,-99.0,-99.0,0.0086066,0.09,0.000764647,0.000106241,-0.0142719,0.7584,1.8252,0.0,1224.8195819762457,,
GN4,31871,189.24789322,62.30155943099999,0.209263392386002,31871,0.000764647,0.01176,0.2,1.26,0.9829,0.538694,0,0.205308,0.0273815,0.7,0.11023,0.39551,-11.582007,-12.72675,-1,0.2377,-1.0,3,0.2377,7.4,-99.0,-99.0,0.0086066,0.09,0.000764647,0.000106241,-0.0142719,0.7584,1.8252,0.0,1043.2608883060773,,
GN3,31985,189.29106344,62.30194422499999,0.09602781126964965,31985,9.13055e-05,6.347,0.0,1.274,0.3865,0.0911185,0,0.045996,0.00388332,0.2,0.02741,0.26793,-10.331613,-12.167241,-1,0.2131,-1.0,3,0.2131,7.61,0.0094362,0.0084069,0.0010293,0.1,9.13055e-05,0.000117072,-0.0181454,6.655,6.655,0.0,445.589277926609,,
GN3,31995,189.28676757,62.30500277200001,0.228540154006289,31995,0.431375,1.282,0.3,0.661,1.5638,0.0409374,0,0.897846,0.0137432,0.7,2.23122,7.83398,-17.162122,-18.226185,0,0.2319,0.2319,1,0.2431,8.84,0.22168,0.054879,0.1668,0.23,0.431375,0.0541595,-0.133758,-0.7745,-0.7745,0.0,1152.1490036548407,,
GN4,31995,189.28676757,62.30500277200002,0.2313140148227798,31995,0.431375,1.282,0.3,0.661,1.5638,0.0409374,0,0.897846,0.0137432,0.7,2.23122,7.83398,-17.162122,-18.226185,0,0.2319,0.2319,1,0.2431,8.84,0.22168,0.054879,0.1668,0.23,0.431375,0.0541595,-0.133758,-0.7745,-0.7745,0.0,1167.9798529217385,,
GN3,32290,189.36643835,62.30439160299998,0.245065533955202,32290,0.00261987,0.01903,0.2,0.918,1.3877,0.708719,0,0.5544,0.148212,0.1,0.38135,1.48595,-12.458456,-13.80936,0,0.2866,-1.0,2,0.2591,8.33,-99.0,-99.0,0.050833,0.08,0.00261987,0.000495694,-0.0109444,-0.0253,0.4724,0.0,1247.0561368125177,,
GN3,32567,189.32013144,62.30596550600001,0.2016673869477662,32567,10.6285,13.15,0.3,0.344,4.8936,1.69942,0,1.01053,0.271641,0.8,0.3461,0.5869,-20.823541,-21.151884,-1,0.1272,-1.0,3,0.1272,6.77,-99.0,-99.0,0.0067283,2.35,10.6285,1.01474,-42.1616,-1.6508,-1.7857,0.1321,1000.9012351604748,,
GN3,32713,189.22026019,62.30720147799998,0.2674514320109931,32713,0.00400727,0.01928,0.1,0.772,1.0097,1.03958,0,0.320274,0.111452,0.0,0.13494,0.47839,-12.979484,-14.218308,-1,0.2806,-1.0,3,0.2806,7.64,-99.0,-99.0,0.019588,0.16,0.00400727,0.00081005,-0.054728,-0.4144,-0.4144,0.0,1377.8664648200925,,
GN5,32713,189.22026019,62.30720147799998,0.2843360792737598,32713,0.00400727,0.01928,0.1,0.772,1.0097,1.03958,0,0.320274,0.111452,0.0,0.13494,0.47839,-12.979484,-14.218308,-1,0.2806,-1.0,3,0.2806,7.64,-99.0,-99.0,0.019588,0.16,0.00400727,0.00081005,-0.054728,-0.4144,-0.4144,0.0,1478.2025420957852,,
GN3,32823,189.34227195,62.30797762699999,0.1345694112110415,32823,0.0421498,0.04838,0.0,0.233,1.2769,0.94229,0,0.340188,0.103423,0.0,0.1035,0.37682,-15.173134,-16.12951,-1,0.2242,-1.0,3,0.2242,7.38,-99.0,-99.0,0.0070102,0.37,0.0421498,0.00508977,-0.46114,-1.8672,-1.8672,0.0,640.6734759470207,,
GN3,33015,189.28222579,62.31425775499999,0.2025201475004083,33015,0.15187,0.15187,0.2,0.408,5.1774,10.4521,0,0.646698,0.703739,0.6,10.34277,92.01885,-18.420002,-20.433996,0,0.201,0.201,1,0.2064,10.18,0.29925,0.048715,0.25054,0.2,0.166411,0.0256008,0.0619331,-1.5153,-1.5153,0.0,1005.6411274108456,,
GN3,33140,189.33577793,62.310442832,0.2141467750932375,33140,0.331549,0.6348,0.1,0.551,0.4319,0.338338,0,0.427206,0.0702064,0.5,1.27593,3.31639,-16.837438,-17.589825,0,0.2543,0.2543,1,0.2155,8.16,0.16937,0.0092496,0.16012,0.25,0.331549,0.0390754,-0.165181,-1.1426,-1.1426,0.0,1070.6578464589036,,
GN3,33175,189.22739126,62.31041186499998,0.1957128569420319,33175,0.0655986,0.07133,0.0,0.256,0.9418,0.821708,0,0.39363,0.132633,0.0,0.16476,0.52816,-15.561363,-16.416371,-1,0.2236,-1.0,3,0.2236,7.6,0.018798,0.0054695,0.013328,0.36,0.0655986,0.00105596,-0.428124,-1.822,-1.822,0.0,967.9146669407593,,
GN5,33175,189.22739126,62.31041186499998,0.1939922112556881,33175,0.0655986,0.07133,0.0,0.256,0.9418,0.821708,0,0.39363,0.132633,0.0,0.16476,0.52816,-15.561363,-16.416371,-1,0.2236,-1.0,3,0.2236,7.6,0.018798,0.0054695,0.013328,0.36,0.0655986,0.00105596,-0.428124,-1.822,-1.822,0.0,958.4188357302082,,
GN3,33249,189.20772202,62.311096125,0.1824334691266667,33249,0.0776152,0.08495,0.0,0.192,1.3753,0.742879,0,0.152076,0.0278929,0.5,0.70336,1.50404,-15.897715,-16.527162,0,0.22691,-1.0,2,0.2218,7.67,0.069187,0.0019787,0.067208,0.23,0.0776152,0.00713122,-0.133758,-1.9463,-1.9463,0.0,895.0516840355837,,
GN5,33249,189.2077221527124,62.31109623777222,0.2343339459532293,33249,0.0776152,0.08495,0.0,0.192,1.3753,0.742879,0,0.152076,0.0278929,0.5,0.70336,1.50404,-15.897715,-16.527162,0,0.22691,-1.0,2,0.2218,7.67,0.069187,0.0019787,0.067208,0.23,0.0776152,0.00713122,-0.133758,-1.9463,-1.9463,0.0,1185.2610110586654,,
GN3,33397,189.17546982,62.314346623,0.245052751020829,33397,0.676842,0.676842,0.6,0.756,0.8072,0.129569,0,0.933042,0.0718684,0.8,4.36831,20.14806,-18.174565,-19.460854,0,0.19602,-1.0,2,0.2131,9.34,0.33978,0.13154,0.20824,0.25,0.951868,0.0782902,0.295839,-0.4611,-0.4611,0.0,1246.9821739835027,,
GN5,33397,189.1754698206713,62.31434661897602,0.246513474597317,33397,0.676842,0.676842,0.6,0.756,0.8072,0.129569,0,0.933042,0.0718684,0.8,4.36831,20.14806,-18.174565,-19.460854,0,0.19602,-1.0,2,0.2131,9.34,0.33978,0.13154,0.20824,0.25,0.951868,0.0782902,0.295839,-0.4611,-0.4611,0.0,1255.4394705637453,,
GN3,33496,189.21458868,62.313230835,0.1468784090685725,33496,0.0533442,0.05605,0.0,0.179,0.5311,0.14828,0,0.666072,0.0449538,0.2,1.33075,2.26807,-15.130681,-15.82658,0,0.1452,-1.0,3,0.1452,7.51,-99.0,-99.0,0.03012,0.14,0.0533442,0.0024542,-0.0397656,-1.9728,-1.9728,0.0,704.8341882291534,,
GN5,33496,189.21458868,62.313230835,0.1597345398985294,33496,0.0533442,0.05605,0.0,0.179,0.5311,0.14828,0,0.666072,0.0449538,0.2,1.33075,2.26807,-15.130681,-15.82658,0,0.1452,-1.0,3,0.1452,7.51,-99.0,-99.0,0.03012,0.14,0.0533442,0.0024542,-0.0397656,-1.9728,-1.9728,0.0,772.7838225517355,,
GN3,33511,189.23454989,62.31476841,0.2564012777548507,33511,0.220988,0.220988,0.1,0.571,0.7823,0.56404,0,0.565086,0.132302,1.2,1.43508,5.87106,-16.948597,-18.110253,0,0.2535,0.2535,1,0.2167,8.63,0.19901,0.059198,0.13981,0.25,0.31,0.0372484,0.0829208,-1.079,-1.079,0.0,1312.9763473443024,,
GN5,33511,189.23454989,62.31476841,0.2604143695776905,33511,0.220988,0.220988,0.1,0.571,0.7823,0.56404,0,0.565086,0.132302,1.2,1.43508,5.87106,-16.948597,-18.110253,0,0.2535,0.2535,1,0.2167,8.63,0.19901,0.059198,0.13981,0.25,0.31,0.0372484,0.0829208,-1.079,-1.079,0.0,1336.4709719156594,,
GN3,33609,189.28693881,62.313735945,0.1659239511995123,33609,0.000482994,0.001254,0.0,0.646,1.3486,0.569568,0,0.648756,0.149274,0.0,0.30565,0.84469,-10.40039,-11.69872,0,0.16883,-1.0,2,0.1847,7.5,-99.0,-99.0,0.0090381,0.04,0.000482994,1.11076e-05,-0.00241664,-0.8288,-0.8288,0.0,805.834618423255,,
GN3,33722,189.17104279,62.31535816900001,0.2209716855883549,33722,0.110892,0.1311,0.7,0.336,1.7079,0.0116073,0,0.336588,0.00122156,0.0,0.41988,1.40308,-16.095944,-17.028941,0,0.28531,-1.0,2,0.2569,8.3,-99.0,-99.0,0.057128,0.3,0.110892,0.00456779,-0.26417,-1.6676,-1.6676,0.0,1109.1612342120131,,
GN3,33739,189.31935597,62.31458624499999,0.1635908860556408,33739,0.140863,0.221,0.0,0.479,0.9684,0.114115,0,0.183246,0.00562262,0.5,0.48276,1.12061,-15.792991,-16.42384,0,0.2544,0.2544,1,0.2256,7.62,0.094256,0.027252,0.067004,0.25,0.140863,0.0178559,-0.165181,-1.347,-1.347,0.0,793.3507148924677,,
GN3,34077,189.21093005,62.317701301,0.2481206951851821,34077,0.270007,1.096,0.0,0.735,1.2042,0.185669,0,0.436422,0.0304006,0.1,0.97364,2.93547,-16.531367,-17.43304,0,0.24795,-1.0,2,0.2454,8.33,0.10302,0.01229,0.090729,0.25,0.270007,0.0387612,-0.165181,-0.5276,-0.5276,0.0,1264.7576735562354,,
GN5,34077,189.21093005,62.317701301,0.1730781305712598,34077,0.270007,1.096,0.0,0.735,1.2042,0.185669,0,0.436422,0.0304006,0.1,0.97364,2.93547,-16.531367,-17.43304,0,0.24795,-1.0,2,0.2454,8.33,0.10302,0.01229,0.090729,0.25,0.270007,0.0387612,-0.165181,-0.5276,-0.5276,0.0,844.3076517554487,,
GN3,34157,189.20682581,62.321196204,0.2451193635943251,34157,0.78256,0.78256,0.0,0.321,1.7008,0.369811,0,1.08867,0.140162,0.1,3.88474,11.78587,-18.259385,-19.108387,0,0.29434,-1.0,2,0.2767,9.23,0.5685,0.067606,0.5009,0.28,1.05443,0.0863438,0.158936,-1.6969,-1.6969,0.0,1247.3676076150064,,
GN5,34157,189.20682581,62.321196204,0.2819706873037258,34157,0.78256,0.78256,0.0,0.321,1.7008,0.369811,0,1.08867,0.140162,0.1,3.88474,11.78587,-18.259385,-19.108387,0,0.29434,-1.0,2,0.2767,9.23,0.5685,0.067606,0.5009,0.28,1.05443,0.0863438,0.158936,-1.6969,-1.6969,0.0,1464.0610042980027,,
GN3,34312,189.19187186,62.31952767999999,0.2930949096876571,34312,0.11653,0.1149,0.0,0.144,6.8991,6.80444,0,0.370332,0.304523,0.6,0.47073,1.06761,-16.180274,-16.775275,0,0.28082,-1.0,2,0.266,7.68,0.1084,0.02465,0.083745,0.3,0.11653,0.000284644,-0.26417,-2.0451,-2.0451,0.0,1530.80697105023,,
GN5,34312,189.1918718583721,62.3195276721834,0.2996299735017465,34312,0.11653,0.1149,0.0,0.144,6.8991,6.80444,0,0.370332,0.304523,0.6,0.47073,1.06761,-16.180274,-16.775275,0,0.28082,-1.0,2,0.266,7.68,0.1084,0.02465,0.083745,0.3,0.11653,0.000284644,-0.26417,-2.0451,-2.0451,0.0,1570.2997869676522,,
GN3,34353,189.25243988,62.319469881,0.07761801164442078,34353,0.0370853,0.1877,0.0,0.803,1.2372,0.524777,0,0.387312,0.0678479,0.2,0.26143,0.60451,-14.040843,-14.922706,-1,0.1321,-1.0,3,0.1321,7.15,0.012451,0.0058075,0.0066438,0.19,0.0370853,0.00449071,-0.0831503,-0.325,-0.325,0.0,355.5966785139958,,
GN5,34353,189.25243988,62.319469881,0.07340480047117245,34353,0.0370853,0.1877,0.0,0.803,1.2372,0.524777,0,0.387312,0.0678479,0.2,0.26143,0.60451,-14.040843,-14.922706,-1,0.1321,-1.0,3,0.1321,7.15,0.012451,0.0058075,0.0066438,0.19,0.0370853,0.00449071,-0.0831503,-0.325,-0.325,0.0,335.29793527030324,,
GN3,34368,189.33852596,62.32096804899998,0.2284243630292977,34368,0.436351,0.436351,0.0,0.195,2.5304,3.21991,0,0.348786,0.236504,0.7,3.67107,8.59712,-17.666023,-18.375686,0,0.2312,0.2312,1,0.2328,8.47,0.42498,0.11777,0.30721,0.23,0.458027,0.0114036,0.108598,-1.94,-1.94,0.0,1151.4890474996364,,
GN3,34456,189.33981288,62.324291407,0.2243199370050017,34456,1.6574,1.6574,2.1,1.351,1.9239,0.516698,0,1.1246,0.175864,2.3,6.17522,46.80933,-18.004112,-19.807896,0,0.211,0.211,1,0.3082,10.01,1.4614,1.3355,0.12584,0.21,2.03749,0.194468,1.29452,0.2181,0.5392,0.0,1128.1413962250524,,
GN3,34903,189.22579457,62.323885732,0.164251245088491,34903,0.0389774,0.04905,0.2,0.343,0.6275,0.327278,0,0.244656,0.0266921,0.0,0.17117,0.56361,-15.019243,-15.906856,-1,0.1789,-1.0,3,0.1789,7.43,-99.0,-99.0,0.0080695,0.28,0.0389774,0.00481948,-0.220867,-1.654,-1.654,0.0,796.8810675876465,,
GN5,34903,189.22579457,62.323885732,0.1614438605838996,34903,0.0389774,0.04905,0.2,0.343,0.6275,0.327278,0,0.244656,0.0266921,0.0,0.17117,0.56361,-15.019243,-15.906856,-1,0.1789,-1.0,3,0.1789,7.43,-99.0,-99.0,0.0080695,0.28,0.0389774,0.00481948,-0.220867,-1.654,-1.654,0.0,781.889618310589,,
GN3,35017,189.25201456,62.325148151,0.2286542678088557,35017,0.0539843,0.06733,0.0,0.338,0.9794,0.0386101,0,0.149778,0.00153131,0.5,0.494,1.18601,-15.445766,-16.191573,0,0.2244,0.2244,1,0.2456,7.6,0.066599,0.021342,0.045256,0.22,0.0539843,0.0063211,-0.119634,-1.663,-1.663,0.0,1152.7994698033988,,
GN3,35455,189.33207441,62.32866916999999,0.2059586465931771,35455,0.301975,0.7115,0.0,0.604,0.9241,0.521552,0,0.217248,0.0349809,0.1,1.0105,1.82397,-16.513325,-16.889318,0,0.2469,0.2469,1,0.2474,7.69,0.16259,0.031729,0.13086,0.25,0.301975,0.0407923,-0.165181,-0.9712,-0.9712,0.0,1024.7933559306402,,
GN3,35536,189.31465882,62.330221497,0.1089281340240069,35536,0.0734123,0.1357,0.0,0.548,3.121,2.60711,0,1.96949,1.27115,0.1,0.9045,1.95384,-14.91623,-15.917236,0,0.1578,0.1578,1,0.0735,7.56,0.025213,0.00064343,0.02457,0.16,0.0734123,0.00589591,-0.054728,-1.1523,-1.1523,0.0,509.89098357763925,,
GN3,36417,189.26477312,62.33952067199998,0.259480320610313,36417,0.278683,0.3246,0.2,0.286,1.0314,0.905338,0,0.906312,0.395767,0.1,0.77492,1.91627,-16.718245,-17.429044,0,0.30083,-1.0,2,0.3024,8.3,-99.0,-99.0,0.13302,0.3,0.278683,0.0236134,-0.26417,-1.7659,-1.7659,0.0,1330.9952762718103,,
GN3,37098,189.24934343,62.347279789,0.2078731262942473,37098,0.552297,4.87,0.1,1.009,0.8998,0.0227444,0,0.73599,0.00739454,0.4,0.44819,1.07424,-15.684946,-16.431899,0,0.24048,-1.0,2,0.214,7.55,-99.0,-99.0,0.041878,0.43,0.552297,0.0991598,-0.69817,0.181,0.3863,0.0,1035.4846363055115,,
GN4,16797,189.27242902,62.22464058399999,0.2587496779048298,16797,0.0152009,0.03254,0.1,0.574,1.2551,2.80685,0,0.675282,0.803082,0.2,0.36457,1.13727,-13.443202,-14.777993,0,0.26807,-1.0,2,0.2558,8.02,-99.0,-99.0,0.034295,0.13,0.0152009,0.00247208,-0.0333741,-1.0685,-1.0685,0.0,1326.7151026301274,,
GN4,17937,189.3500407756872,62.23074661879274,0.07046924587095107,17937,0.017804,0.02714,0.1,0.475,0.6444,0.0449095,0,0.257574,0.0043779,0.0,0.24948,0.45182,-13.615252,-14.196693,-1,0.1015,-1.0,3,0.1015,6.56,0.008445,0.0043955,0.0040495,0.16,0.017804,0.00167976,-0.054728,-1.3553,-1.3553,0.0,321.22071709324234,,
GN4,19333,189.29890873,62.23718956799999,0.1845632370480451,19333,0.0909381,0.1483,0.1,0.504,0.818,0.280641,0,0.310338,0.033123,0.7,0.13354,0.30861,-15.290366,-16.01042,-1,0.1813,-1.0,3,0.1813,6.87,-99.0,-99.0,0.0056561,0.38,0.0909381,0.00799806,-0.495991,-1.2786,-1.2786,0.0,906.6719126543798,,
GN4,20016,189.3234718517331,62.24049618322338,0.219260904325483,20016,0.00214274,0.002897,0.2,0.379,1.2097,0.125464,0,0.229272,0.00751122,0.1,0.12784,0.34931,-12.232769,-13.321766,-1,0.2539,-1.0,3,0.2539,7.44,-99.0,-99.0,0.013153,0.12,0.00214274,0.000361083,-0.0276628,-1.5782,-1.5782,0.0,1099.4863593684797,,
GN4,20320,189.25127265,62.24228329600001,0.1080229083175951,20320,0.58581,1.231,0.0,0.573,1.0971,0.758179,0,0.04347,0.0105602,0.0,0.4486,0.69525,-17.172864,-17.149811,-1,0.1025,0.4843,3,0.1025,7.46,-99.0,-99.0,0.009295,0.48,0.58581,0.0829842,-0.943538,-1.0728,-1.0728,0.0,505.3458903785166,,
GN4,20421,189.28208931,62.24241557599999,0.1414777982918077,20421,0.0017088,0.02627,0.0,1.26,1.4166,1.00979,0,0.235962,0.0604764,0.1,0.12885,0.46791,-12.146065,-13.539043,-1,0.1519,-1.0,3,0.1519,7.24,-99.0,-99.0,0.00231,0.12,0.0017088,0.000237423,-0.0276628,0.7584,1.8252,0.0,676.5746748039812,,
GN4,21837,189.27908407,62.24897873299999,0.2858887395563295,21837,39.8926,475.6,1.1,1.213,0.8257,0.0134722,0,0.542616,0.00283614,0.2,0.33253,1.5397,-21.168234,-21.430792,0,0.29758,-1.0,2,0.2939,8.42,0.072783,0.018276,0.054507,1.71,39.8926,1.21714,-20.9378,0.6376,0.6376,0.0772,1487.5001522120704,,
GN4,22761,189.30000065,62.25340543199998,0.2989009128003644,22761,0.709117,1.671,0.1,0.604,0.6934,0.485387,0,0.792024,0.169945,0.1,1.4743,2.96283,-17.413585,-17.905412,0,0.30278,-1.0,2,0.2759,8.19,0.38254,0.012103,0.37044,0.3,0.709117,0.0957912,-0.26417,-0.9712,-0.9712,0.0,1565.883638548737,,
GN4,23054,189.28490569,62.25501363699998,0.283046010372837,23054,0.131533,0.2426,0.1,0.545,8.0,0.112575,2,9.44444,0.103137,0.0,0.19543,0.53954,-15.858985,-16.59242,-1,0.235,-1.0,3,0.235,7.53,0.030036,0.01051,0.019526,0.38,0.131533,0.012042,-0.495991,-1.1609,-1.1609,0.0,1470.4864171578079,,
GN4,23274,189.3659305115426,62.25639609777537,0.2349993711851456,23274,0.0921947,0.1172,0.0,0.367,0.754,0.178722,0,0.241674,0.0146821,0.4,0.14156,0.29332,-15.364265,-15.985396,-1,0.2568,-1.0,3,0.2568,7.07,0.061273,0.044338,0.016935,0.39,0.0921947,0.00897605,-0.53272,-1.6048,-1.6048,0.0,1189.0752428990515,,
GN4,23661,189.3553591382202,62.25779671201246,0.1520806744743869,23661,0.0156316,0.01712,0.0,0.206,1.1479,1.00084,0,0.278862,0.0820893,0.0,0.18662,0.54325,-14.147349,-15.076172,-1,0.1651,-1.0,3,0.1651,7.34,-99.0,-99.0,0.0072182,0.21,0.0156316,0.00121148,-0.106516,-1.9186,-1.9186,0.0,732.2156235641296,,
GN4,24611,189.3590578192805,62.26414012808544,0.2623648743074986,24611,0.757398,1.119,0.0,0.449,2.5339,0.374281,0,1.32708,0.122551,0.2,2.28516,6.66924,-17.571467,-18.432024,0,0.2662,0.2662,1,0.2943,8.91,0.21534,0.0075288,0.20781,0.27,0.757398,0.0985332,-0.201113,-1.4197,-1.4197,0.0,1347.919727076752,,
GN4,24641,189.3232745008023,62.26296473866948,0.2174291706742333,24641,0.0884277,0.1845,0.1,0.57,1.4091,2.23068,0,0.344256,0.246169,0.3,0.36498,0.88004,-15.309505,-16.059005,0,0.26681,-1.0,2,0.2612,7.65,0.074458,0.02961,0.044847,0.24,0.0884277,0.013257,-0.148928,-1.0839,-1.0839,0.0,1089.1447567972587,,
GN4,25348,189.351059857014,62.26606980719691,0.01620564846348901,25348,0.0353848,0.04219,0.0,0.302,1.2452,1.23018,0,0.483786,0.218139,0.4,0.95669,1.7625,-14.411753,-15.168284,0,0.1293,0.1293,1,0.142,7.16,-99.0,-99.0,0.021673,0.13,0.0353848,0.0035321,-0.0333741,-1.7346,-1.7346,0.0,70.97230160061895,,
GN4,26203,189.3004085044165,62.27035855910831,0.197366774133071,26203,0.00936086,0.01265,0.1,0.379,0.9681,0.16281,0,0.346542,0.0212358,0.1,0.20667,0.61421,-13.806694,-14.922025,-1,0.2195,-1.0,3,0.2195,7.76,-99.0,-99.0,0.015334,0.18,0.00936086,0.00157744,-0.0728296,-1.5782,-1.5782,0.0,977.0575235452644,,
GN4,27071,189.30918824,62.274796768,0.1190811406518984,27071,20.2341,35.91,0.8,0.571,1.2643,0.248272,1,0.613866,0.0629355,0.0,0.40224,1.07094,-21.22952,-20.732527,0,0.12356,-1.0,2,0.1193,7.32,0.016705,0.0090518,0.0076532,2.35,20.2341,3.22269,-42.1616,-1.1798,-1.132,0.1411,561.2069670880825,,
GN4,32018,189.28464262,62.30251591,0.1931395394617797,32018,16.671,13.57,0.6,0.445,1.7738,0.587056,0,0.09198,0.0108504,0.6,0.16755,0.38872,-20.945027,-21.169625,-1,0.1702,-1.0,3,0.1702,7.09,0.011067,0.0064812,0.0045862,3.11,16.671,0.261376,-214.694,-1.7873,-2.087,0.1403,953.7191629946228,,
GN5,27353,189.150612163404,62.27622940539478,0.03973659374423888,27353,0.00147378,0.003035,0.0,0.548,0.9514,0.473231,0,0.178752,0.0211898,0.2,0.18773,0.41151,-11.290719,-12.279596,-1,0.1007,-1.0,3,0.1007,6.68,-99.0,-99.0,0.0021441,0.08,0.00147378,0.000364738,-0.0109444,-1.1503,-1.1503,0.0,177.1400414450901,,
GN5,27888,189.150618550126,62.28242109736159,0.228266405991527,27888,4.51843,4.51843,0.6,0.867,1.2684,0.475571,0,1.06104,0.224496,0.3,3.97514,13.94286,-19.885069,-20.781834,0,0.29693,-1.0,2,0.3788,9.75,1.0382,0.55565,0.48252,0.49,7.82213,1.02386,2.01586,-0.4753,-2.1466,0.182,1150.588877837965,,
GN5,29999,189.161247420001,62.29060521700278,0.2008202136386656,29999,0.000903032,0.001064,0.0,0.266,0.6608,0.193778,0,0.214044,0.0151957,0.6,0.19412,0.4257,-11.388936,-12.281154,-1,0.2114,-1.0,3,0.2114,7.12,-99.0,-99.0,0.012308,0.07,0.000903032,0.000112146,-0.00812888,-1.8035,-1.8035,0.0,996.1963147812756,,
GN5,30413,189.1439077601632,62.29326483598514,0.2837358934650138,30413,0.214415,0.4312,0.2,0.556,1.1852,0.290766,0,0.355938,0.0386507,0.0,0.40707,1.13623,-16.340275,-17.119454,0,0.27507,-1.0,2,0.2794,8.08,-99.0,-99.0,0.059781,0.33,0.214415,0.0359163,-0.339298,-1.1269,-1.1269,0.0,1474.6117054946408,,
GN5,31249,189.1584989038215,62.29804997635916,0.1681055698746447,31249,0.00561451,0.01346,0.1,0.608,2.2967,0.219319,0,0.537516,0.0290924,0.2,0.24515,0.53097,-11.969896,-13.209704,-1,0.1819,-1.0,3,0.1819,7.12,-99.0,-99.0,0.007282,0.09,0.00561451,0.000773911,-0.0142719,-0.9581,-0.9581,0.0,817.5360716641422,,
GN5,32625,189.22503381,62.30658792700001,0.2945323608907899,32625,0.124617,0.2299,0.2,0.545,1.0208,0.233541,0,0.477234,0.0444719,0.1,0.31318,0.81409,-15.763119,-16.505743,0,0.30735,-1.0,2,0.3093,7.92,-99.0,-99.0,0.053691,0.3,0.124617,0.0114088,-0.26417,-1.1609,-1.1609,0.0,1539.4759829870438,,
GN5,34279,189.13364101,62.31864099600002,0.1197045196178273,34279,0.00129095,0.001519,0.0,0.275,1.1199,0.585957,0,0.457434,0.099587,0.2,-99.0,0.71695,-11.807216,-12.815841,-1,0.1104,-1.0,3,0.1104,7.0,-99.0,-99.0,0.0037157,0.06,0.00129095,0.000145588,-0.00579115,-1.7874,-1.7874,0.0,564.3778400715076,,
GN5,34995,189.18984578,62.32757881399999,0.2777142800043977,34995,3.27391,3.27391,0.6,1.484,6.6605,0.660621,0,0.6165,0.033906,0.5,2.69808,23.24098,-17.940104,-19.784115,0,0.21167,-1.0,2,0.2427,9.64,0.23455,0.17075,0.063807,0.28,0.726384,0.0549745,3.16668,0.396,5.4234,0.0,1438.6837367936027,,
GN5,35285,189.15162582,62.32922751000001,0.01070686331496804,35285,0.425776,0.4946,0.1,0.264,1.6309,0.311048,0,1.16968,0.134698,0.1,-99.0,-99.0,-16.851849,-17.823529,-1,0.1103,-1.0,3,0.1103,8.23,0.05178,0.00082029,0.05096,0.19,0.425776,0.044903,-0.0831503,-1.8074,-1.8074,0.0,46.69242171340568,,
GN7,10309,189.13112066,62.193605793,0.261622349460825,10309,0.121899,0.4948,0.0,0.735,1.1573,0.0762201,0,0.534276,0.0151222,0.8,0.43906,1.39292,-15.656016,-16.572719,0,0.2533,0.2533,1,0.2656,7.84,-99.0,-99.0,0.046959,0.25,0.121899,0.0174993,-0.165181,-0.5276,-0.5276,0.0,1343.559102806469,,
GN7,15489,189.06521638,62.21813351299998,0.1699678372820016,15489,0.0492671,0.05178,0.0,0.184,2.1767,1.89566,0,0.342558,0.181548,0.4,0.61499,1.25772,-14.881696,-15.567865,0,0.1689,0.1689,1,0.1527,7.32,0.042819,0.012659,0.03016,0.17,0.0492671,0.00199042,-0.0633679,-1.9619,-1.9619,0.0,827.5459288048718,,
GN7,15812,189.11343522,62.21992790299997,0.1369374090212535,15812,0.0194487,0.02505,0.0,0.345,8.0,0.858185,2,0.284658,0.0245738,0.7,0.28827,0.7898,-14.173685,-15.142886,0,0.26744,-1.0,2,0.1832,7.67,0.057646,0.021207,0.036439,0.18,0.0194487,0.0030439,-0.0728296,-1.6503,-1.6503,0.0,652.9479097246075,,
GN7,15908,189.14276992,62.220615819,0.01744335283430463,15908,0.067838,0.06715,0.0,0.0,4.7603,0.256906,1,1.10655,0.0425268,0.0,0.1272,0.33513,-16.029219,-16.665231,-1,0.2472,-1.0,3,0.2472,7.42,0.040244,0.025565,0.014679,0.48,0.067838,0.000970215,-0.943538,-2.2428,-5.4609,0.8025,76.46526645363583,,
GN7,15930,189.09044473,62.220474693,0.2365629944780824,15930,0.141674,0.1768,0.0,0.313,1.0267,0.179617,0,0.688254,0.0531946,0.1,0.70591,2.26876,-16.343982,-17.271641,0,0.2665,0.2665,1,0.2573,8.46,0.13652,0.054341,0.082177,0.27,0.141674,0.0219148,-0.201113,-1.7124,-1.7124,0.0,1198.047076179232,,
GN7,16039,189.15472309,62.22108721700002,0.152960431443173,16039,0.00474679,0.005584,0.1,0.275,0.8437,0.216132,0,0.589758,0.0587449,0.2,0.16974,0.47152,-12.856109,-14.056145,-1,0.1569,-1.0,3,0.1569,7.06,-99.0,-99.0,0.0036134,0.14,0.00474679,0.000535323,-0.0397656,-1.7874,-1.7874,0.0,736.8615413782362,,
GN7,17957,189.08208285,62.23145203000001,0.01412335248387234,17957,0.566386,0.566386,0.7,1.274,4.0053,2.51485,0,0.613974,0.21127,0.9,2.84439,23.51737,-18.105929,-19.882424,0,0.2862,0.2862,1,0.286,10.04,0.41782,0.22317,0.19466,0.29,0.0909377,0.103225,0.523753,6.3568,6.3568,0.0,61.754108278399194,,
GN7,18125,189.05484716,62.231725389,0.0658235258999004,18125,0.0419748,0.04929,0.0,0.303,0.6062,0.00792854,0,0.262302,0.00079429,0.0,0.30467,0.59929,-14.698793,-15.322812,-1,0.1214,-1.0,3,0.1214,6.92,0.0078571,0.00072041,0.0071367,0.21,0.0419748,0.00319683,-0.106516,-1.7334,-1.7334,0.0,299.05365984042567,,
GN7,18448,189.05310526,62.23233871299999,0.2176685741174645,18448,0.459125,0.459125,0.4,0.574,1.4888,0.0770843,0,0.29889,0.00709257,0.2,0.89465,3.70966,-16.800938,-17.90763,0,0.2866,-1.0,2,0.2751,8.92,0.34089,0.23209,0.10881,0.29,0.302241,0.0363954,0.3247,-1.071,-1.071,0.0,1090.495363979697,,
GN7,18721,189.05829032,62.237613701,0.2078531636969491,18721,1.86256,1.86256,1.4,0.899,2.1829,0.270151,0,1.15498,0.0841636,2.1,8.66793,35.36027,-18.315709,-19.538154,0,0.22446,-1.0,2,0.2396,9.58,1.4066,1.0466,0.36005,0.21,1.97973,0.382613,1.22485,-0.4191,-0.2073,0.0,1035.373054371645,,
GN7,19237,189.1142449,62.236526478,0.09661693625224288,19237,0.0108886,0.01506,0.1,0.409,1.1094,0.407555,0,0.579384,0.0929263,0.8,0.609,1.43528,-13.518519,-14.546248,0,0.1055,0.1055,1,0.0708,7.08,-99.0,-99.0,0.0075531,0.11,0.0108886,0.00150867,-0.0225978,-1.514,-1.514,0.0,448.50364328109526,,
GN7,19340,189.07259835,62.237899494,0.1563618926365861,19340,0.673822,0.673822,0.0,0.391,1.6023,1.25291,0,0.44805,0.171908,0.5,10.44437,26.18921,-17.743132,-18.624528,0,0.156,0.156,1,0.1773,8.98,0.46413,0.1211,0.34303,0.16,0.649957,0.063924,0.326494,-1.5525,-1.5525,0.0,754.866205897633,,
GN7,19817,189.05657735,62.239191758,0.2546520632183181,19817,0.00519767,0.006099,0.2,0.313,0.9217,0.0974249,0,0.669288,0.0259695,0.1,0.24856,0.94368,-13.40254,-14.678735,0,0.26428,-1.0,2,0.1708,7.94,0.044547,0.0038579,0.040689,0.14,0.00519767,0.000318572,-0.0397656,-1.7126,-1.7126,0.0,1302.7612523937028,,
GN7,20032,189.09568997,62.24197241499998,0.02034613853559288,20032,0.291736,2.139,0.0,0.922,0.6734,0.175741,0,1.3849,0.168925,0.6,2.7912,10.0849,-16.821192,-18.0206,0,0.1906,0.1906,1,0.1862,8.91,0.11484,0.011461,0.10338,0.19,0.291736,0.0550833,-0.0831503,-0.0158,0.3014,0.0,89.38796620048001,,
GN7,20355,189.11756013,62.24247484499999,0.02477907984525787,20355,0.391513,0.391513,0.6,0.696,1.0076,0.119569,0,0.553452,0.0265497,0.8,2.72258,11.32245,-17.520217,-18.733179,0,0.2428,0.2428,1,0.2492,9.21,0.40717,0.18612,0.22105,0.24,0.502553,0.023051,0.190052,-0.6542,-0.6542,0.0,109.23072074244587,,
GN7,21286,189.04035597,62.24665460099999,0.0899428951651095,21286,0.0648076,15.45,0.0,1.274,7.3824,2.83951,2,0.018,0.00301035,0.0,0.12901,0.94148,-12.720714,-15.150706,0,0.28724,-1.0,2,0.2764,8.59,0.040814,0.030293,0.010521,0.42,0.0648076,0.0388681,-0.654112,2.6204,2.6204,0.0,415.6123506189632,,
GN7,22913,189.10082634,62.25403464199998,0.2155891809640009,22913,0.0876307,0.1349,0.1,0.468,1.1587,0.0547821,0,0.219564,0.0034517,1.0,0.80212,2.38801,-15.915087,-16.849569,0,0.221,0.221,1,0.1715,7.93,0.088873,0.019002,0.069871,0.22,0.0876307,0.0117675,-0.119634,-1.3735,-1.3735,0.0,1078.7745782414381,,
GN7,23463,189.11501514,62.256684609,0.2223998790853149,23463,0.102475,0.1897,0.0,0.531,0.8464,0.972699,0,0.403242,0.145353,0.2,0.6984,1.91259,-15.556964,-16.488759,0,0.2071,0.2071,1,0.1906,8.03,-99.0,-99.0,0.03863,0.21,0.102475,0.017115,-0.106516,-1.2036,-1.2036,0.0,1117.2499278263224,,
GS2,40457,53.160331574,-27.720494582,0.1415580445006513,40457,0.00420831,0.8221,,1.274,2.1934,0.0391882,1,0.907416,0.00953103,0.1,1.82167,6.98314,,,0,0.14168,-1.0,2,0.1418,8.4,0.036491,0.0021784,0.034313,0.06,0.00420831,0.00219303,-0.00579115,2.5011,2.5011,0.0,676.9933334733852,-18.628469,-19.709207
GS3,40457,53.160331574,-27.720494582,0.1381881134665205,40457,0.00420831,0.8221,,1.274,2.1934,0.0391882,1,0.907416,0.00953103,0.1,1.82167,6.98314,,,0,0.14168,-1.0,2,0.1418,8.4,0.036491,0.0021784,0.034313,0.06,0.00420831,0.00219303,-0.00579115,2.5011,2.5011,0.0,659.4441570772848,-18.628469,-19.709207
GS2,41417,53.13383145500002,-27.71657678599999,0.1622082314492991,41417,0.419433,0.6458,,0.468,0.9198,0.0128181,0,0.961674,0.00645039,0.1,4.87928,13.3277,,,0,0.20925,-1.0,2,0.208,8.83,0.32713,0.037357,0.28978,0.21,0.419433,0.0563235,-0.106516,-1.3735,-1.3735,0.0,785.9669201097762,-17.743674,-18.649535
GS3,41417,53.13383145500002,-27.71657678599999,0.162311120602626,41417,0.419433,0.6458,,0.468,0.9198,0.0128181,0,0.961674,0.00645039,0.1,4.87928,13.3277,,,0,0.20925,-1.0,2,0.208,8.83,0.32713,0.037357,0.28978,0.21,0.419433,0.0563235,-0.106516,-1.3735,-1.3735,0.0,786.5160047842365,-17.743674,-18.649535
GS5,41417,53.133831455,-27.716576786,0.2332666767094389,41417,0.419433,0.6458,,0.468,0.9198,0.0128181,0,0.961674,0.00645039,0.1,4.87928,13.3277,,,0,0.20925,-1.0,2,0.208,8.83,0.32713,0.037357,0.28978,0.21,0.419433,0.0563235,-0.106516,-1.3735,-1.3735,0.0,1179.1482408119014,-17.743674,-18.649535
GS2,42593,53.155797828,-27.71195152799999,0.242599890108785,42593,0.130418,0.2694,,0.562,1.6648,0.0441981,0,0.222708,0.00252128,0.1,0.696288,2.56394,,,0,0.25358,-1.0,2,0.2446,8.42,0.07765,0.0056813,0.071969,0.24,0.130418,0.0230464,-0.148928,-1.108,-1.108,0.0,1232.805415152546,-16.03573,-17.124577
GS3,42593,53.155797828,-27.71195152799999,0.2447388634159697,42593,0.130418,0.2694,,0.562,1.6648,0.0441981,0,0.222708,0.00252128,0.1,0.696288,2.56394,,,0,0.25358,-1.0,2,0.2446,8.42,0.07765,0.0056813,0.071969,0.24,0.130418,0.0230464,-0.148928,-1.108,-1.108,0.0,1245.1662663566408,-16.03573,-17.124577
GS2,42937,53.110508708,-27.71023274299998,0.01758642722006354,42937,0.00627784,0.00615,,0.11,1.0056,0.174181,1,0.48213,0.0337802,0.1,0.562841,0.783201,,,-1,0.0754,-1.0,3,0.0754,6.41,0.0073105,0.0027576,0.0045529,0.1,0.00627784,0.000271333,-0.0181454,-2.123,-2.123,0.0,77.10089345881099,-13.166974,-13.954686
GS5,42937,53.110508708,-27.710232743,0.1159884694920862,42937,0.00627784,0.00615,,0.11,1.0056,0.174181,1,0.48213,0.0337802,0.1,0.562841,0.783201,,,-1,0.0754,-1.0,3,0.0754,6.41,0.0073105,0.0027576,0.0045529,0.1,0.00627784,0.000271333,-0.0181454,-2.123,-2.123,0.0,545.5102005257324,-13.166974,-13.954686
GS2,43071,53.12258931200001,-27.707907687,0.1619591048976966,43071,0.0190533,30.31,,1.274,1.545,0.0175966,0,0.746076,0.00468814,0.2,2.46201,12.1305,,,0,0.15142,-1.0,2,0.1537,8.78,0.049512,0.017184,0.032328,0.13,0.0190533,0.0200607,-0.0333741,3.8907,7.9602,0.0,784.6376654546725,-15.546635,-17.260059
GS5,43071,53.122589312,-27.707907687,0.1608178570662489,43071,0.0190533,30.31,,1.274,1.545,0.0175966,0,0.746076,0.00468814,0.2,2.46201,12.1305,,,0,0.15142,-1.0,2,0.1537,8.78,0.049512,0.017184,0.032328,0.13,0.0190533,0.0200607,-0.0333741,3.8907,7.9602,0.0,778.5528742403418,-15.546635,-17.260059
GS2,43401,53.13990311099999,-27.704768926,0.008976263294281247,43401,0.526928,21130.0,,1.274,0.3094,0.00163841,0,0.040548,7.18218e-05,0.2,0.880095,33.3866,,,0,-1.0,-1.0,0,0.5963,11.25,-99.0,-99.0,-99.0,0.55,0.526928,0.609296,-1.3435,6.2783,6.2783,0.0,39.09291975947652,-19.754843,-22.218441
GS2,43700,53.10537972,-27.70672337299999,0.06148726825672893,43700,0.000853852,1.106,,1.274,2.0218,0.0672416,0,0.022176,0.000268546,0.1,0.535299,3.65375,,,-1,-1.0,-1.0,0,0.0829,8.32,-99.0,-99.0,-99.0,0.1,0.000853852,0.000675524,-0.0181454,3.8209,3.8209,0.0,278.48661373447595,-12.479321,-15.000048
GS5,43700,53.10537972,-27.706723373,0.06831964053603964,43700,0.000853852,1.106,,1.274,2.0218,0.0672416,0,0.022176,0.000268546,0.1,0.535299,3.65375,,,-1,-1.0,-1.0,0,0.0829,8.32,-99.0,-99.0,-99.0,0.1,0.000853852,0.000675524,-0.0181454,3.8209,3.8209,0.0,310.94691322117905,-12.479321,-15.000048
GS2,44166,53.146997803,-27.70365275700001,0.07900743084145662,44166,0.00342209,248.7,,1.274,0.5739,0.0464554,2,0.018,0.000497106,0.0,0.080612,0.678239,,,0,-1.0,-1.0,0,0.0844,7.54,-99.0,-99.0,-99.0,0.25,0.00342209,0.00392941,-0.165181,6.7263,6.7263,0.0,362.315113269071,-13.552334,-15.608992
GS2,44228,53.131803879,-27.702214639,0.02549077601387494,44228,0.0107227,0.6232,,1.274,0.3517,0.000625009,0,0.02793,1.95827e-05,0.6,104.476,366.721,,,-1,-1.0,0.0,0,2.2677,6.34,-99.0,-99.0,-99.0,0.03,0.0107227,0.00477316,-0.00131623,1.6225,2.447,0.0,112.42855258734792,20.023567,18.022109
GS5,44228,53.1318033926366,-27.702214898353,0.2463639381432371,44228,0.0107227,0.6232,,1.274,0.3517,0.000625009,0,0.02793,1.95827e-05,0.6,104.476,366.721,,,-1,-1.0,0.0,0,2.2677,6.34,-99.0,-99.0,-99.0,0.03,0.0107227,0.00477316,-0.00131623,1.6225,2.447,0.0,1254.5731784093248,20.023567,18.022109
GS2,44263,53.15584191899999,-27.703586157,0.2009659628870936,44263,0.00182538,13.9,,1.274,1.4263,0.144448,0,0.185844,0.0064054,0.1,0.160287,0.720634,,,0,0.19125,-1.0,2,0.1841,7.66,0.021417,0.015257,0.0061595,0.14,0.00182538,0.00204868,-0.0397656,5.0433,5.0433,0.0,997.0054797245276,-12.653208,-14.213647
GS3,44263,53.15584191899999,-27.703586157,0.2030796712805218,44263,0.00182538,13.9,,1.274,1.4263,0.144448,0,0.185844,0.0064054,0.1,0.160287,0.720634,,,0,0.19125,-1.0,2,0.1841,7.66,0.021417,0.015257,0.0061595,0.14,0.00182538,0.00204868,-0.0397656,5.0433,5.0433,0.0,1008.7532710352298,-12.653208,-14.213647
GS2,44280,53.083227159,-27.703215805,0.08641585949877074,44280,0.000542659,1.167,,1.274,0.8879,0.259195,0,0.201594,0.0164255,0.0,0.0518264,0.205926,,,-1,0.1225,-1.0,3,0.1225,6.83,0.0022687,0.0018131,0.00045553,0.15,0.000542659,0.000591041,-0.0468719,4.1059,7.3106,0.0,398.34120443201687,-11.509994,-13.20956
GS5,44280,53.083227159,-27.703215805,0.08641585949877074,44280,0.000542659,1.167,,1.274,0.8879,0.259195,0,0.201594,0.0164255,0.0,0.0518264,0.205926,,,-1,0.1225,-1.0,3,0.1225,6.83,0.0022687,0.0018131,0.00045553,0.15,0.000542659,0.000591041,-0.0468719,4.1059,7.3106,0.0,398.34120443201687,-11.509994,-13.20956
GS2,44598,53.134723819,-27.700734282,0.00910854314003846,44598,1.09499,43900.0,,1.274,0.2,0.000477517,2,0.036786,3.03243e-05,2.5,4.77763,119.466,,,0,-1.0,0.0,0,0.5755,8.55,-99.0,-99.0,-99.0,0.4506,1.09499,1.26615,-0.794203,6.2783,6.2783,0.0,39.67308317145178,23.872428,21.199877
GS2,44810,53.118525955,-27.701049018,0.08505131990877525,44810,0.0096792,703.3,,1.274,0.2,0.0144684,2,0.029502,0.000762126,0.1,0.0514556,0.583495,,,0,-1.0,-1.0,0,0.2021,8.25,-99.0,-99.0,-99.0,0.4,0.0096792,0.0111141,-0.571347,6.7263,6.7263,0.0,391.680011506226,-14.969201,-16.82459
GS2,44959,53.139785341,-27.700114132,0.01082253792771984,44959,1.77467,161.4,,1.274,0.2,0.0010216,2,0.040362,5.80081e-05,0.1,4.82653,50.4659,,,0,-1.0,-1.0,0,0.2202,10.42,-99.0,-99.0,-99.0,0.41,1.77467,0.971796,-0.611821,1.9181,8.3209,0.0,47.20109575753758,-19.779232,-21.698649
GS3,44959,53.13978534100001,-27.70011413200001,0.2131914961570073,44959,1.77467,161.4,,1.274,0.2,0.0010216,2,0.040362,5.80081e-05,0.1,4.82653,50.4659,,,0,-1.0,-1.0,0,0.2202,10.42,-99.0,-99.0,-99.0,0.41,1.77467,0.971796,-0.611821,1.9181,8.3209,0.0,1065.2884211527646,-19.779232,-21.698649
GS2,45222,53.15324774900002,-27.69915624700001,0.2629280642235816,45222,0.00108349,2.339,,1.274,1.2476,0.283336,0,0.340392,0.0304795,0.0,0.0651946,0.357672,,,-1,0.1251,-1.0,3,0.1251,7.13,-99.0,-99.0,0.00063556,0.16,0.00108349,0.00118054,-0.054728,4.1086,7.3104,0.0,1351.2290329153395,-12.09598,-13.967833
GS3,45222,53.153247749,-27.699156247,0.07254109827069469,45222,0.00108349,2.339,,1.274,1.2476,0.283336,0,0.340392,0.0304795,0.0,0.0651946,0.357672,,,-1,0.1251,-1.0,3,0.1251,7.13,-99.0,-99.0,0.00063556,0.16,0.00108349,0.00118054,-0.054728,4.1086,7.3104,0.0,331.1504879771967,-12.09598,-13.967833
GS2,45279,53.143291969,-27.699208101,0.01158667520282823,45279,0.156383,826.3,,1.274,0.2,0.0029288,2,0.032466,0.00011945,0.1,1.63696,9.5334,,,0,-1.0,-1.0,0,0.0191,7.57,-99.0,-99.0,-99.0,0.3022,0.156383,0.170138,-0.269371,4.7798,4.7798,0.0,50.56361288647873,24.818006,22.303592
GS2,45518,53.154086915,-27.69792974,0.2818814162464867,45518,0.633564,1.334,,0.572,1.1384,0.0268107,0,0.395424,0.00382349,0.0,1.84694,4.55811,,,0,0.28146,-1.0,2,0.2825,8.68,0.3266,0.02664,0.29996,0.28,0.633564,0.0940384,-0.220867,-1.0753,-1.0753,0.0,1463.5278369957118,-17.44108,-18.151095
GS3,45518,53.154086915,-27.69792974,0.2997840907903884,45518,0.633564,1.334,,0.572,1.1384,0.0268107,0,0.395424,0.00382349,0.0,1.84694,4.55811,,,0,0.28146,-1.0,2,0.2825,8.68,0.3266,0.02664,0.29996,0.28,0.633564,0.0940384,-0.220867,-1.0753,-1.0753,0.0,1571.2336530614998,-17.44108,-18.151095
GS2,45532,53.11859880500001,-27.69767409399999,0.1528086207815041,45532,0.00564012,0.01175,,0.566,0.346,0.0778956,1,0.273138,0.015251,0.6,0.241778,0.450367,,,-1,0.078,-1.0,3,0.078,6.44,0.0035861,0.0023871,0.001199,0.11,0.00564012,0.000954006,-0.0225978,-1.0961,-1.0961,0.0,736.059524825476,-12.407404,-13.531531
GS5,45532,53.11859880314379,-27.69767409626143,0.1626494938885044,45532,0.00564012,0.01175,,0.566,0.346,0.0778956,1,0.273138,0.015251,0.6,0.241778,0.450367,,,-1,0.078,-1.0,3,0.078,6.44,0.0035861,0.0023871,0.001199,0.11,0.00564012,0.000954006,-0.0225978,-1.0961,-1.0961,0.0,788.322213698276,-12.407404,-13.531531
GS2,46065,53.140163665,-27.69457852599999,0.07357727127136528,46065,0.000868337,0.1197,,1.274,1.0364,0.150667,0,0.659976,0.0395738,0.0,0.233566,0.933482,,,0,0.1865,-1.0,3,0.1865,7.89,0.011179,0.0038979,0.0072806,0.12,0.000868337,0.000554055,-0.0276628,2.1956,3.2949,0.0,336.1266917794932,-12.41767,-14.151696
GS2,47656,53.124674743,-27.687366281,0.07099348845749574,47656,0.00109918,2.364,,1.274,1.5636,0.230598,1,0.37035,0.0254691,0.0,0.156424,0.569274,,,0,0.07304,-1.0,2,0.0791,6.86,-99.0,-99.0,0.00052726,0.13,0.00109918,0.00119718,-0.0333741,4.1059,7.3106,0.0,323.7306997181733,-12.467509,-14.019849
GS5,47656,53.12467474300001,-27.687366281,0.07639429636703625,47656,0.00109918,2.364,,1.274,1.5636,0.230598,1,0.37035,0.0254691,0.0,0.156424,0.569274,,,0,0.07304,-1.0,2,0.0791,6.86,-99.0,-99.0,0.00052726,0.13,0.00109918,0.00119718,-0.0333741,4.1059,7.3106,0.0,349.68949734913537,-12.467509,-14.019849
GS2,47841,53.13130880700001,-27.68335392600001,0.008889835308694456,47841,0.349854,1073.0,,1.274,0.4318,0.00228267,0,0.022872,4.67318e-05,0.3,3.35318,50.0836,,,0,-1.0,-1.0,0,0.2725,10.67,-99.0,-99.0,-99.0,0.331,0.349854,0.313456,-0.342097,4.4321,4.4321,0.0,38.71392065276492,24.228114,21.544916
GS2,47951,53.143486725,-27.685681664,0.2501596092104214,47951,0.0317421,0.03739,,0.266,0.2,0.00279578,2,0.035958,0.000123687,0.0,5.67101,12.3516,,,0,-1.0,-1.0,0,0.0618,7.72,-99.0,-99.0,-99.0,0.08,0.0317421,0.00394198,-0.0109444,-1.8035,-1.8035,0.0,1276.5978470539892,-15.19545,-16.263697
GS2,48026,53.159321137,-27.685217448,0.07560964962673439,48026,0.00154927,2.547,,1.274,1.1651,0.287136,0,0.64698,0.0782234,0.2,0.10178,0.384513,,,-1,0.144,-1.0,3,0.144,7.3,-99.0,-99.0,0.001494,0.2,0.00154927,0.00163759,-0.094367,3.9143,7.8325,0.0,345.90674663701395,-13.009056,-14.589285
GS2,48387,53.14354251799999,-27.68352889800001,0.1325733833531223,48387,14.295,28.27,,0.557,2.8517,0.340086,0,0.32745,0.0221626,0.8,0.268872,0.458295,,,-1,0.0749,-1.0,3,0.0749,6.2,-99.0,-99.0,0.0013964,2.43,14.295,1.9478,-48.2555,-1.1239,-1.2279,0.2348,630.352718872075,-20.726764,-21.044028
GS2,48749,53.11964226200001,-27.68061752500001,0.09616395288686141,48749,0.0283779,0.03106,,0.192,0.8558,0.0381453,0,0.274422,0.00420161,0.4,1.29771,2.29166,,,-1,0.1185,-1.0,3,0.1185,7.3,0.03234,0.0051295,0.027211,0.12,0.0283779,0.00260734,-0.0276628,-1.9463,-1.9463,0.0,446.26257314757976,-14.72004,-15.437951
GS2,48794,53.15217413500001,-27.680421325,0.01743035443453776,48794,0.0022734,16.15,,1.274,0.4296,0.0108912,0,0.018534,0.000143248,0.2,0.780118,5.74719,,,0,-1.0,-1.0,0,0.0829,8.53,-99.0,-99.0,-99.0,0.09,0.0022734,0.00273778,-0.0142719,4.9674,8.7019,0.0,76.40752609760777,-20.50506,-21.503099
GS2,49191,53.130465437,-27.67864597399999,0.09126574293766394,49191,0.00564238,0.01162,,0.548,0.9551,0.158668,0,0.236496,0.0101857,0.0,0.24852,0.579097,,,-1,0.0735,-1.0,3,0.0735,6.54,-99.0,-99.0,0.0010395,0.13,0.00564238,0.0013964,-0.0333741,-1.1503,-1.1503,0.0,422.1098768056053,-13.081405,-14.154715
GS2,49771,53.140583777,-27.67298104899999,0.2749025730921826,49771,0.00139683,4.641,,1.274,1.1761,0.0999575,0,0.177024,0.00421001,0.0,0.179645,0.709814,,,0,0.24545,-1.0,2,0.2113,7.97,0.063324,0.046384,0.016939,0.11,0.00139683,0.00158694,-0.0225978,4.4179,7.6291,0.0,1421.9693247735147,-12.344618,-13.889921
GS3,33042,53.13310297800124,-27.75870335399942,0.01541584065547891,33042,4.49878,9.609,,0.576,0.3586,0.00525275,1,0.018936,8.44731e-05,0.0,5.66787,12.3065,,,0,-1.0,0.0,0,0.0858,6.15,-99.0,-99.0,-99.0,0.4284,4.49878,0.682511,-0.69112,-1.0644,-1.0644,0.0,67.4724600090793,22.671574,21.543862
GS3,34363,53.15127913700001,-27.74988377800001,0.008864607612696355,34363,0.692024,0.692024,,1.274,3.5264,0.0189951,2,0.018,4.01794e-05,2.1,3.43813,43.2549,,,0,-1.0,0.0,0,0.5849,7.8,-99.0,-99.0,-99.0,0.3308,0.773621,0.924205,0.320874,4.8808,8.2137,0.0,38.603303066102704,23.617482,21.327505
GS3,34418,53.150246327,-27.75224185000001,0.1501037307880791,34418,0.000321664,0.2597,,1.274,0.6963,0.0378951,0,0.02286,0.000394733,0.1,0.134785,1.01274,,,0,-1.0,-1.0,0,0.0969,7.96,-99.0,-99.0,-99.0,0.1,0.000321664,0.000226953,-0.0181454,3.4961,3.4961,0.0,721.7918305901579,-10.99197,-13.545689
GS3,34419,53.16483782299482,-27.75203322199877,0.2707008637860953,34419,0.017353,105.6,,1.274,0.2,0.00786336,2,0.031968,0.000404022,0.1,0.147004,1.35052,,,0,-1.0,-1.0,0,0.1006,8.07,-99.0,-99.0,-99.0,0.39,0.017353,0.02068,-0.53272,4.8552,8.9502,0.0,1397.0654548312352,-15.973592,-17.652488
GS3,34682,53.15581561199998,-27.749144039,0.1040482993612412,34682,0.00523458,0.03803,,0.918,1.0794,0.0374852,0,0.638094,0.00975548,0.2,0.621609,2.21734,,,0,0.13769,-1.0,2,0.1224,7.93,0.012353,0.0020343,0.010319,0.09,0.00523458,0.000990412,-0.0142719,-0.0253,0.4724,0.0,485.44833443409635,-13.041504,-14.517469
GS3,34819,53.13149268600193,-27.74853386399987,0.2158582468274464,34819,763.708,812.6,,0.192,0.2,0.00219963,2,0.027942,8.0105e-05,1.0,1.0564,10.8636,,,0,-1.0,0.0,0,0.2081,7.17,-99.0,-99.0,-99.0,4.6958,763.708,38.0712,-0.0,-1.9461,-1.122,0.0184,1080.2899030188614,25.708529,22.942365
GS3,34874,53.204411386,-27.749833054,0.1357138372300049,34874,0.0113719,0.0132,,0.266,1.3666,0.190308,0,0.18333,0.00800484,0.1,0.267873,0.612536,,,-1,0.1542,-1.0,3,0.1542,7.24,-99.0,-99.0,0.0079101,0.16,0.0113719,0.00115298,-0.054728,-1.803,-1.803,0.0,646.6014603643555,-13.611607,-14.553612
GS3,34993,53.203123616,-27.74894225,0.08891349214959007,34993,0.000238336,1.998,,1.274,1.3093,0.19642,0,0.697842,0.0581932,0.1,0.237656,0.924678,,,0,0.08981,-1.0,2,0.1053,7.17,-99.0,-99.0,0.0012733,0.05,0.000238336,0.000270394,-0.00389783,5.1119,5.1119,0.0,410.5636321361811,-10.38397,-12.333387
GS3,35205,53.13105249200283,-27.74305030300048,0.2309343500038553,35205,0.971894,4.72,,0.775,0.2185,0.000436279,0,0.019926,1.47865e-05,1.3,14.4832,156.524,,,-1,-1.0,0.0,0,0.2324,8.48,-99.0,-99.0,-99.0,0.2729,0.971894,0.194628,-0.206841,-0.4053,0.1336,0.0,1165.8106572815555,22.705815,20.004543
GS3,35390,53.17361845199999,-27.74685507000001,0.1436051713889649,35390,0.00145518,0.01142,,0.953,1.3237,0.0912323,0,0.332784,0.0104297,0.1,0.226783,0.859338,,,0,0.13485,-1.0,2,0.1409,7.52,-99.0,-99.0,0.0029685,0.12,0.00145518,0.000270245,-0.0276628,0.0552,0.6463,0.0,687.6862389861709,-12.603892,-14.120446
GS3,35433,53.14152524699999,-27.745829142,0.2563797685002024,35433,0.203143,0.2201,,0.19,1.1426,0.035694,0,0.864042,0.0152462,0.1,1.13647,3.17359,,,0,0.26934,-1.0,2,0.2728,8.45,-99.0,-99.0,0.12115,0.29,0.203143,0.0159628,-0.241874,-1.9494,-1.9494,0.0,1312.8506424054522,-17.078068,-17.878022
GS3,36000,53.169500085,-27.743838603,0.190637011895271,36000,0.00261955,1.747,,1.274,1.5666,0.154566,0,0.244254,0.00982672,0.0,0.156784,0.622987,,,-1,0.143,-1.0,3,0.143,7.42,-99.0,-99.0,0.0024091,0.18,0.00261955,0.00243689,-0.0728296,3.2776,7.6446,0.0,939.9490535801662,-13.438389,-14.812509
GS3,36001,53.153962855,-27.74363426099999,0.012110419801684,36001,0.0242456,82.22,,1.274,0.2,0.00855036,2,0.038538,0.000470353,0.4,0.00555057,0.749118,,,0,-1.0,-1.0,0,0.5962,9.74,-99.0,-99.0,-99.0,0.59,0.0242456,0.0222909,-1.5914,4.4998,4.4998,0.0,52.87056703694138,-15.897177,-18.415116
GS3,36009,53.13949235500003,-27.74177221500002,0.1457451428687669,36009,0.0859346,0.3369,,0.73,1.3619,0.0330928,0,0.858078,0.0123441,0.1,2.29224,5.77815,,,0,0.1497,-1.0,2,0.1495,8.18,0.070451,0.0045967,0.065854,0.15,0.0859346,0.0104449,-0.0468719,-0.545,-0.545,0.0,698.8901577802773,-15.810263,-16.87258
GS3,36127,53.171538657,-27.743343628,0.2395010181271008,36127,0.0209497,0.02508,,0.356,1.3491,0.245212,0,0.203034,0.011774,0.0,0.111863,0.42059,,,-1,0.2547,-1.0,3,0.2547,7.61,0.039267,0.024055,0.015211,0.29,0.0209497,0.000586963,-0.241874,-1.6271,-1.6271,0.0,1214.9395120045288,-14.618715,-15.633381
GS3,36298,53.191619736,-27.742728323,0.2629558983944273,36298,0.0219208,2027.0,,1.274,1.0368,0.13127,0,0.022002,0.000930562,0.0,0.0201741,0.305266,,,-1,-1.0,-1.0,0,0.2313,8.14,-99.0,-99.0,-99.0,0.49,0.0219208,0.0261804,-0.997621,6.8935,6.8935,0.0,1351.392628217249,-14.774359,-16.696856
GS3,36509,53.15323029299999,-27.74153995700001,0.09197088132511484,36509,0.023979,2217.0,,1.274,0.2,0.0204121,2,0.026784,0.000998977,0.0,0.00688081,0.307929,,,-1,-1.0,-1.0,0,0.2396,8.28,-99.0,-99.0,-99.0,0.52,0.023979,0.0286386,-1.16663,6.8935,6.8935,0.0,425.5777645634417,-14.76212,-16.944431
GS3,36686,53.18894819,-27.74082643699998,0.09038286314039157,36686,0.0226224,15.09,,1.274,0.2,0.0100683,2,0.028134,0.000484676,0.1,0.115839,0.934812,,,0,-1.0,-1.0,0,0.0923,7.82,-99.0,-99.0,-99.0,0.39,0.0226224,0.021045,-0.53272,3.2776,7.6446,0.0,417.7721745147228,-15.439222,-17.248582
GS3,36971,53.170712538,-27.738578971,0.2757395186422812,36971,0.29445,0.5089,,0.506,1.0843,0.0268605,0,0.31803,0.0029427,0.1,0.930843,3.10226,,,0,0.27379,-1.0,2,0.2787,8.49,-99.0,-99.0,0.14381,0.29,0.29445,0.0497099,-0.241874,-1.2726,-1.2726,0.0,1426.940497991545,-16.779982,-17.721447
GS3,37170,53.175845991,-27.737658816,0.09428627887761634,37170,0.0193908,1793.0,,1.274,0.2837,0.0238309,2,0.018,0.000586215,0.0,0.0221981,0.368018,,,-1,-1.0,-1.0,0,0.2092,8.1,-99.0,-99.0,-99.0,0.45,0.0193908,0.0231587,-0.791259,6.8935,6.8935,0.0,436.98647500095973,-14.703854,-16.61346
GS3,37545,53.19731246599999,-27.736315158,0.08912914385205653,37545,0.000315328,2.643,,1.274,0.6788,0.0630111,2,0.018,0.000574049,0.0,0.151115,0.628916,,,-1,0.0183,-1.0,3,0.0183,5.89,1.664e-05,1.0268e-05,6.3719e-06,0.07,0.000315328,0.000357742,-0.00812888,5.1119,5.1119,0.0,411.62075620767786,-10.615256,-12.145532
GS3,37608,53.17089271399998,-27.73565032400001,0.1599141702341826,37608,0.0160059,0.01837,,0.233,2.0969,0.206129,1,0.527202,0.0340905,0.0,0.525783,1.17766,,,0,0.1474,-1.0,2,0.1522,7.44,-99.0,-99.0,0.014553,0.14,0.0160059,0.00193278,-0.0397656,-1.8672,-1.8672,0.0,773.739955227925,-14.159971,-15.089936
GS3,37685,53.195835393,-27.735469025,0.2092291494261787,37685,0.407599,3.834,,1.041,1.0879,0.0933976,0,0.162774,0.0039383,0.5,0.495286,1.19698,,,0,0.24608,-1.0,2,0.216,7.66,0.1645,0.096323,0.068182,0.39,0.407599,0.0715981,-0.53272,0.2526,0.4845,0.0,1043.0692300435858,-16.768786,-17.528059
GS3,37720,53.13910594400036,-27.73030499000032,0.1057641937295049,37720,0.299123,0.299123,,0.64,1.9395,0.0112282,0,0.700944,0.00229007,0.8,14.9433,38.6441,,,0,0.1031,0.1031,1,0.1084,8.63,0.22399,0.070276,0.15371,0.1,0.328448,0.0517522,0.154302,-0.849,-0.849,0.0,494.02663301924946,-16.926294,-18.034894
GS3,37724,53.19829450400001,-27.734838828,0.2137777729068746,37724,520.047,720.3,,0.417,0.7173,0.0144747,1,0.02355,0.000160222,1.8,0.0397811,3.92358,,,0,-1.0,0.0,0,0.5917,6.95,-99.0,-99.0,-99.0,4.6427,520.047,62.5389,-0.0,-1.495,-0.6814,0.0241,1068.5831814171045,27.199154,24.322521
GS3,37801,53.1355085520009,-27.73471757900055,0.1372190164269744,37801,0.0105672,0.01285,,0.287,0.953,0.133834,0,0.355452,0.0184205,0.0,0.25844,0.614512,,,-1,0.0777,-1.0,3,0.0777,6.69,0.002047,0.00051404,0.0015329,0.16,0.0105672,0.00158273,-0.054728,-1.7644,-1.7644,0.0,654.4097994741824,-13.592986,-14.625642
GS3,38512,53.18192946799999,-27.73137423799999,0.239242390451111,38512,0.000282444,3.256,,1.274,7.1308,3.26937,1,0.079296,0.0151938,0.0,0.136801,0.365043,,,-1,0.2496,-1.0,3,0.2496,7.86,0.048603,0.024175,0.024428,0.07,0.000282444,0.000339142,-0.00812888,5.3313,5.3313,0.0,1213.4507038401434,-10.508175,-11.816246
GS3,38628,53.16544400599293,-27.73013419900349,0.04870237257639289,38628,0.0042782,0.00426,,0.125,1.1748,0.264319,0,0.19017,0.0120467,0.0,0.163033,0.306777,,,-1,0.0703,-1.0,3,0.0703,6.19,-99.0,-99.0,0.00093447,0.15,0.0042782,0.000171413,-0.0468719,-2.0877,-2.0877,0.0,218.54634223611725,-12.920126,-13.733489
GS3,38658,53.15236539699999,-27.730459363,0.01153298199065688,38658,0.0235425,143.3,,1.274,0.2,0.00784048,2,0.043062,0.00044773,0.2,0.33818,2.60634,,,0,-1.0,-1.0,0,0.0937,8.31,-99.0,-99.0,-99.0,0.3557,0.0235425,0.0280563,-0.414682,4.8552,8.9502,0.0,50.32721272994582,26.715863,23.98423
GS3,38727,53.177301217,-27.730087614,0.1908128143263283,38727,0.0396817,0.05142,,0.352,1.0206,0.0557097,0,0.503904,0.0102188,0.1,0.438501,1.26476,,,0,0.24857,-1.0,2,0.2042,8.02,0.068079,0.021714,0.046366,0.2,0.0396817,0.0060676,-0.094367,-1.6345,-1.6345,0.0,940.9152774645243,-14.910141,-15.893501
GS3,38848,53.17122419799998,-27.729202293,0.1066033399528719,38848,0.0,0.02888,,0.0,0.4452,0.0225878,0,0.68559,0.00748698,0.1,0.688996,1.68013,,,0,0.0756,-1.0,3,0.0756,7.17,0.0080009,0.0040308,0.0039702,0.13,0.0,0.0,0.0,-1.3735,-1.3735,0.0,498.2282966982068,-14.136987,-15.160462
GS3,38861,53.142513058,-27.72881650600001,0.1128539811337564,38861,0.0327861,0.05278,,0.486,0.592,0.143458,1,0.303384,0.0182471,0.2,0.262607,0.468338,,,-1,0.1156,-1.0,3,0.1156,6.5,0.0092441,0.0036143,0.0056298,0.19,0.0327861,0.00458294,-0.0831503,-1.3277,-1.3277,0.0,529.6597364260094,-14.142447,-14.767873
GS3,39564,53.17732428600002,-27.72556110799999,0.2528897508817713,39564,0.000437621,0.06031,,1.274,0.4053,0.0262474,2,0.018,0.000427261,0.0,0.0960336,0.602453,,,-1,-1.0,-1.0,0,0.0431,6.77,-99.0,-99.0,-99.0,0.11,0.000437621,0.00027923,-0.0225978,2.1956,3.2949,0.0,1292.4854775189917,-11.40354,-13.443428
GS3,39972,53.188608791,-27.72393118199999,0.247183342128615,39972,0.00889087,0.04278,,0.772,0.6903,0.0682868,1,0.461436,0.0116842,0.0,0.260339,0.931394,,,0,0.28082,-1.0,2,0.2486,7.99,0.058078,0.027559,0.030519,0.17,0.00889087,0.00179725,-0.0633679,-0.4144,-0.4144,0.0,1259.3215517931021,-13.849735,-15.116033
GS3,40131,53.17073665500001,-27.72192978499999,0.2393648093093297,40131,0.0102775,0.01035,,0.158,3.4956,0.15648,1,0.945852,0.0332668,1.4,1.17715,3.22215,,,0,0.0355,-1.0,3,0.0355,6.34,0.004018,0.00022223,0.0037957,0.1,0.0102775,9.38987e-05,-0.0181454,-2.0154,-2.0154,0.0,1214.155373115749,-13.857856,-15.01744
GS3,40188,53.178022096,-27.72296415500001,0.2093092656089916,40188,0.00316208,0.003951,,0.331,0.6769,0.112382,0,0.432852,0.0223734,0.0,0.167093,0.478178,,,-1,0.1518,-1.0,3,0.1518,7.42,0.008957,0.0026557,0.0063012,0.11,0.00316208,0.000414409,-0.0225978,-1.6775,-1.6775,0.0,1043.517651198851,-12.397073,-13.391714
GS3,41882,53.17334823800001,-27.71496352199999,0.2372331423645062,41882,0.523059,0.523059,,0.798,0.7601,0.0096436,0,0.485526,0.00197534,0.3,2.4092,8.27127,,,0,0.2501,0.2501,1,0.2448,8.98,0.40662,0.11807,0.28855,0.25,0.589051,0.0783461,0.284671,-0.3389,-0.3389,0.0,1201.8961916247194,-17.47764,-18.478981
GS3,41897,53.172326186,-27.71516901,0.1557599203364509,41897,0.000592181,43.03,,1.274,1.1943,0.0644918,0,0.457326,0.0108271,0.0,0.521188,1.86716,,,0,0.15027,-1.0,2,0.1505,7.77,0.0099796,0.0023189,0.0076606,0.07,0.000592181,0.00067997,-0.00812888,6.7263,6.7263,0.0,751.6750007087203,-12.217546,-13.874317
GS3,42866,53.150015889,-27.70866107599999,0.008687209091567203,42866,0.989152,6019.0,,1.274,0.2,0.000654765,2,0.035658,3.52949e-05,0.2,4.86259,70.6872,,,1,-1.0,-1.0,0,0.2824,10.86,-99.0,-99.0,-99.0,0.4,0.989152,1.1788,-0.571347,4.8552,8.9502,0.0,37.82557270616356,-19.909712,-22.073453
GS4,17713,53.12535519562859,-27.82998218555268,0.1985206672779233,17713,0.0401943,0.04543,,0.21,0.9233,0.0797462,0,0.433116,0.0131348,0.0,0.592723,1.34523,,,0,0.24608,-1.0,2,0.2327,7.95,-99.0,-99.0,0.058974,0.21,0.0401943,0.00489415,-0.106516,-1.9119,-1.9119,0.0,983.4451032523338,-15.391201,-16.19759
GS4,18761,53.14989774586259,-27.82389668194698,0.256136065183405,18761,0.422354,1.291,,0.665,0.7099,0.0102517,0,0.36588,0.00167388,0.1,2.06727,5.32544,,,0,0.238,-1.0,2,0.2447,8.6,0.24307,0.019618,0.22345,0.23,0.422354,0.0607715,-0.133758,-0.7613,-0.7613,0.0,1311.426550003108,-17.075688,-17.880818
GS4,19019,53.13836494298956,-27.82245231002167,0.141524239633242,19019,0.0814418,0.7225,,1.012,2.0261,0.0323755,0,0.292776,0.00232497,0.1,1.2391,5.30602,,,0,0.1474,-1.0,2,0.14,8.45,0.02125,0.0037017,0.017549,0.2,0.0814418,0.0145932,-0.094367,0.1878,1.446,0.0,676.8169629235784,-16.116683,-17.449072
GS4,19146,53.14383472824792,-27.8134671600244,0.2119230808547358,19146,6.20716,6.20716,,1.329,1.1967,0.00276566,0,1.55943,0.00206477,0.4,26.0192,126.488,,,0,0.2077,-1.0,3,0.2077,10.38,1.6016,1.0122,0.58944,0.21,9.30755,0.849359,4.66265,0.0005,0.0763,0.0,1058.1664895513516,-19.60755,-20.984049
GS4,19745,53.19992213299768,-27.81546262299473,0.2325188993696834,19745,1.2772,1.2772,,0.529,5.4768,0.0507864,0,0.161016,0.000772136,0.4,6.39629,19.8736,,,0,0.2329,0.2329,1,0.239,9.29,1.4837,0.79534,0.68832,0.23,1.02895,0.111898,0.807844,-1.2078,-1.2078,0.0,1174.868912051943,-18.317813,-19.252314
GS4,19777,53.12394256998032,-27.81972552301835,0.1700222046783701,19777,0.0354159,0.04749,,0.374,1.2944,0.2736,1,0.441168,0.0417977,0.1,0.13647,0.395237,,,-1,0.1571,-1.0,3,0.1571,7.19,0.012974,0.0086505,0.004323,0.31,0.0354159,0.00589818,-0.287809,-1.5895,-1.5895,0.0,827.8384527030729,-14.892578,-15.774669
GS4,20401,53.19222163699938,-27.81640305699441,0.1569386092417322,20401,0.000436268,2.305,,1.274,1.154,0.301492,0,0.45621,0.0530725,0.0,0.0906606,0.409405,,,-1,0.151,-1.0,3,0.151,7.2,-99.0,-99.0,0.0014781,0.09,0.000436268,0.000474642,-0.0142719,4.7798,4.7798,0.0,757.9254723269235,-10.322013,-12.578575
GS4,20566,53.14509124038911,-27.81539411886878,0.2035596557353903,20566,0.0383873,0.04788,,0.338,1.0262,0.146869,0,0.360552,0.0193824,0.6,0.273741,0.676141,,,-1,0.2134,-1.0,3,0.2134,7.33,-99.0,-99.0,0.02081,0.25,0.0383873,0.00449482,-0.165181,-1.663,-1.663,0.0,1011.4243613020224,-15.017689,-15.80772
GS4,20623,53.15782802535228,-27.81475178251794,0.2837762265503452,20623,53.599,103.6,,0.551,3.2794,0.160204,0,0.507954,0.0189798,0.9,0.678306,1.38291,,,0,0.2443,-1.0,3,0.2443,7.71,0.092574,0.023278,0.069296,2.57,53.599,7.03246,-66.215,-1.142,-1.2411,0.0348,1474.8529576010976,-22.068922,-22.305793
GS4,20637,53.17315201400142,-27.81333571799794,0.1478990357944035,20637,0.000657687,2.017,,1.274,1.3728,0.033678,0,0.513582,0.00667624,0.0,0.760359,3.14566,,,0,0.14568,-1.0,2,0.143,8.17,-99.0,-99.0,0.012236,0.07,0.000657687,0.000589263,-0.00812888,4.4321,4.4321,0.0,710.1937880043092,-12.515597,-14.289142
GS4,20818,53.20293934499754,-27.8144156299958,0.1981683441526102,20818,0.0144077,0.01814,,0.334,1.1516,0.14105,0,0.209328,0.00769916,0.1,0.188576,0.609287,,,-1,0.2068,-1.0,3,0.2068,7.54,-99.0,-99.0,0.008278,0.21,0.0144077,0.0019935,-0.106516,-1.6712,-1.6712,0.0,981.4939849672212,-14.08038,-15.144655
GS4,21260,53.153119714,-27.812084315,0.2054905893121175,21260,0.158663,0.2554,,0.486,0.5492,0.0327522,0,0.325134,0.00446534,0.0,1.05439,1.70886,,,0,0.2128,0.2128,1,0.2202,7.46,0.11149,0.011607,0.099885,0.21,0.158663,0.0221784,-0.106516,-1.3277,-1.3277,0.0,1022.1825379237563,-16.078262,-16.4859
GS4,21327,53.19671879499982,-27.81075122099958,0.1015239405479868,21327,296.383,623.0,,0.573,3.5255,0.0677862,0,0.019872,0.000143374,0.0,1.24365,7.1853,,,0,-1.0,-1.0,0,0.01,6.79,-99.0,-99.0,-99.0,2.8563,296.383,41.9847,-126.12,-1.0728,-0.092,0.0238,472.8608094645945,-11.977368,-14.477404
GS4,21890,53.174772666,-27.799323122,0.1503455379765732,21890,0.525914,0.525914,,0.453,1.5985,0.0132563,1,1.99358,0.00986389,0.7,12.889,29.9389,,,0,0.1514,0.1514,1,0.1495,8.68,0.45175,0.049764,0.40199,0.15,0.604731,0.098164,0.216522,-1.4106,-1.4106,0.0,723.0655927905968,-17.804596,-18.724373
GS4,21946,53.13102735300115,-27.80842367900077,0.2561877861759279,21946,0.13453,0.2071,,0.468,2.0671,0.0811718,0,0.196932,0.00347804,0.0,0.38878,1.68331,,,0,0.26998,-1.0,2,0.2715,8.44,0.089001,0.032446,0.056556,0.32,0.13453,0.0180653,-0.31283,-1.3735,-1.3735,0.0,1311.728758866735,-15.712289,-16.866106
GS4,22082,53.18347340899999,-27.80676422800001,0.05712712813237598,22082,1.11042,2.372,,0.576,0.2,0.000758987,2,0.036024,3.92384e-05,0.0,50.6628,72.5281,,,0,-1.0,0.0,0,0.0615,6.72,-99.0,-99.0,-99.0,0.0901,1.11042,0.168462,-0.0143106,-1.0644,-1.0644,0.0,257.9270133691245,20.172664,19.482886
GS4,22252,53.16220584299845,-27.80544693500151,0.2793916002791932,22252,0.215295,0.3271,,0.453,1.2126,0.012962,0,0.69393,0.00382323,0.0,0.736411,2.42913,,,0,0.27826,-1.0,2,0.2821,8.51,-99.0,-99.0,0.10639,0.29,0.215295,0.0349482,-0.241874,-1.4106,-1.4106,0.0,1448.6734187890931,-16.58736,-17.500324
GS4,22600,53.19330134300001,-27.80557966300002,0.2698318708604558,22600,615.429,654.8,,0.192,0.5739,0.00688741,0,0.025512,0.00010498,2.1,0.409736,8.19954,,,0,-1.0,0.0,0,0.5923,7.09,-99.0,-99.0,-99.0,4.4321,615.429,30.6794,-0.0,-1.9461,-0.6463,0.0151,1391.9258918102237,26.35356,23.624115
GS4,23108,53.18603599600002,-27.80216005499999,0.2272594239966357,23108,23.9126,33.63,,0.471,0.2,0.0239284,2,0.291072,0.00853526,0.2,0.292665,0.656505,,,-1,0.216,-1.0,3,0.216,7.41,0.03174,0.015312,0.016427,2.81,23.9126,1.82341,-116.029,-1.4366,-1.7055,0.0511,1144.853355743786,-21.227825,-21.377774
GS4,23322,53.17680226699999,-27.79965274599999,0.2506994053734516,23322,1.43282,1.43282,,1.274,0.2,0.00040278,2,0.042876,2.81127e-05,2.8,3.34753,81.2347,,,0,-1.0,0.0,0,0.5958,8.28,-99.0,-99.0,-99.0,0.4659,1.33732,1.63853,0.783709,5.1697,8.4081,0.0,1279.7360733655717,24.123567,21.488646
GS4,23394,53.189082778,-27.800987006,0.1883496677700789,23394,0.0143421,0.02771,,0.543,3.306,0.576363,0,0.251616,0.0265291,0.1,0.139318,0.384672,,,-1,0.1763,-1.0,3,0.1763,7.1,0.016501,0.011268,0.0052333,0.21,0.0143421,0.00245352,-0.106516,-1.1656,-1.1656,0.0,927.393164013173,-13.84477,-14.820666
GS4,23425,53.19650318799999,-27.80049741299999,0.1971015352683793,23425,0.0129313,0.02353,,0.532,0.9059,0.186988,0,0.281988,0.0180124,0.2,0.0967948,0.289104,,,-1,0.24,-1.0,3,0.24,7.36,0.011125,0.0023897,0.0087355,0.24,0.0129313,0.00175405,-0.148928,-1.2008,-1.2008,0.0,975.5902752809283,-13.808731,-14.769878
GS4,23905,53.17328555399998,-27.79923568699998,0.1534444318638162,23905,0.00925509,0.04454,,0.772,1.4437,0.0900793,0,0.317814,0.00951385,0.1,0.402193,1.27801,,,0,0.1514,0.1514,1,0.1594,7.62,0.01646,0.0056606,0.010799,0.15,0.00925509,0.00187087,-0.0468719,-0.4144,-0.4144,0.0,739.4194033994463,-13.996171,-15.22637
GS4,24491,53.15178043698857,-27.79738718306406,0.01169850368233024,24491,0.0335888,0.0475,,0.459,0.7903,0.0052908,0,0.555024,0.00120319,0.2,1.25257,3.69843,,,0,0.12693,-1.0,2,0.1275,7.99,0.026575,0.0060692,0.020506,0.15,0.0335888,0.00126144,-0.0468719,-1.3974,-1.3974,0.0,51.056032756302784,-14.760539,-15.980251
GS4,24915,53.20528789899999,-27.79578458500001,0.0136553573148887,24915,0.0217372,0.03006,,0.409,0.6982,0.0262438,0,1.28149,0.0197001,0.1,1.62866,3.49396,,,0,0.12468,-1.0,2,0.0906,7.75,-99.0,-99.0,0.025001,0.1,0.0217372,0.0030118,-0.0181454,-1.514,-1.514,0.0,59.686314898412455,-14.442613,-15.47216
GS4,25632,53.15463536626137,-27.79323794081716,0.2326235439075441,25632,0.36604,0.6017,,0.495,0.5461,0.00485209,0,0.53337,0.00120213,0.0,1.65069,3.35491,,,0,0.23924,-1.0,2,0.2445,8.26,0.20147,0.025339,0.17613,0.24,0.36604,0.0497225,-0.148928,-1.3026,-1.3026,0.0,1175.4675881792,-16.815055,-17.418765
GS4,25934,53.18656355307373,-27.79023332502855,0.1269585316467,25934,0.0150246,0.02015,,0.374,1.6633,0.114843,1,0.448194,0.0171014,0.3,0.852025,1.64007,,,0,0.12581,-1.0,2,0.1217,7.18,-99.0,-99.0,0.020723,0.11,0.0150246,0.0025022,-0.0225978,-1.5895,-1.5895,0.0,601.4462800050617,-14.103226,-15.046979
GS4,25995,53.20545033099982,-27.79062415200023,0.01317168263952588,25995,0.0736994,0.08066,,0.192,0.6045,0.0142771,0,0.729432,0.00494972,0.5,3.53981,5.98056,,,0,0.12187,-1.0,2,0.1091,7.68,0.059452,0.002712,0.05674,0.12,0.0736994,0.00677145,-0.0276628,-1.9463,-1.9463,0.0,57.55078416348325,-15.882529,-16.572297
GS4,26559,53.14984075026587,-27.78744274151697,0.2443045496376177,26559,0.00022344,0.6854,,1.274,1.5049,0.0699264,2,0.02163,0.000368499,0.0,0.0388501,0.299684,,,-1,0.0409,-1.0,3,0.0409,6.61,-99.0,-99.0,9.4826e-06,0.13,0.00022344,0.000200194,-0.0333741,4.4321,4.4321,0.0,1242.6545072976028,-10.865472,-13.052789
GS4,26639,53.14211591688386,-27.78669472504702,0.2287977853651849,26639,0.794862,0.794862,,0.632,0.5596,0.000943332,0,0.570426,0.000320546,1.2,5.17798,18.6096,,,0,0.227,0.227,1,0.2266,9.02,0.73225,0.34921,0.38305,0.23,0.737004,0.0880822,0.476833,-0.8741,-0.8741,0.0,1153.617639262408,-18.04136,-19.118787
GS4,26646,53.18153215101032,-27.78797073500447,0.1998051779170048,26646,0.167533,0.2697,,0.486,0.5151,0.0145457,0,0.349662,0.00218237,0.1,1.0505,1.69089,,,0,0.2122,0.2122,1,0.2106,7.48,-99.0,-99.0,0.10211,0.21,0.167533,0.0234183,-0.106516,-1.3277,-1.3277,0.0,990.5642877823304,-16.047064,-16.475255
GS4,26696,53.19564104531577,-27.78777124362778,0.2263884209328076,26696,0.458644,0.458644,,0.247,8.0,0.261201,2,1.02181,0.028639,0.0,3.40474,4.68754,,,0,0.227,0.227,1,0.2202,7.86,0.55296,0.12063,0.43233,0.23,0.493944,0.0373739,0.126946,-1.8391,-1.8391,0.0,1139.8966525748065,-17.49971,-17.732477
GS4,26881,53.18077776300719,-27.7862553600029,0.155956230648385,26881,0.00877614,0.008715,,0.0,0.5647,0.0238367,0,0.119856,0.00124624,0.1,0.417791,0.574998,,,-1,0.0716,-1.0,3,0.0716,6.13,0.0044701,0.001031,0.0034391,0.12,0.00877614,9.06078e-05,-0.0276628,-2.2259,-2.2259,0.0,752.7154623051503,-13.456512,-13.966217
GS4,27267,53.19842690104299,-27.78486999945105,0.2690430015542928,27267,0.027998,60.44,,1.274,0.3442,0.0179924,0,0.032838,0.000542324,0.0,0.0698758,0.849684,,,0,-1.0,-1.0,0,0.2173,8.62,-99.0,-99.0,-99.0,0.44,0.027998,0.030506,-0.743893,4.1086,7.3104,0.0,1387.2634919695563,-15.613214,-17.49651
GS4,27438,53.19392920055293,-27.78579541612264,0.1139344822334479,27438,0.144614,0.3127,,0.576,0.8853,0.0074704,0,1.57721,0.00718915,0.5,5.08476,16.5612,,,0,0.128,0.128,1,0.1184,8.75,0.076327,0.002211,0.074116,0.13,0.144614,0.0241176,-0.0333741,-1.062,-1.062,0.0,535.1169393113698,-16.295958,-17.583836
GS4,27473,53.12233676099999,-27.784166645,0.1655476841821539,27473,0.0357346,0.04892,,0.389,0.9399,0.158411,0,0.17748,0.00705486,0.0,0.15824,0.425151,,,-1,0.1607,-1.0,3,0.1607,7.23,0.0081626,0.002531,0.0056316,0.31,0.0357346,0.00602158,-0.287809,-1.5579,-1.5579,0.0,803.8191774522245,-14.934097,-15.834882
GS4,27535,53.17032351500001,-27.78526213799999,0.2765414173313187,27535,0.173189,0.3047,,0.526,0.9573,0.0212878,0,0.246612,0.00164711,0.0,0.451604,1.04433,,,0,0.27443,-1.0,2,0.2787,7.94,-99.0,-99.0,0.077279,0.31,0.173189,0.0192415,-0.287809,-1.218,-1.218,0.0,1431.7067784064377,-18.329894,-18.80492
GS4,27549,53.14471326884141,-27.78544132748693,0.2466535626540622,27549,0.830548,0.830548,,0.276,0.8838,0.00590889,0,0.357846,0.000835027,0.2,1.91872,3.68439,,,0,0.24545,-1.0,2,0.2572,7.96,0.6115,0.34057,0.27093,0.27,0.413798,0.038054,0.563762,-1.785,-1.785,0.0,1256.2511310719,-17.124793,-17.651228
GS4,27624,53.123760515,-27.78341839200001,0.1911961189033761,27624,0.0454239,0.04922,,0.19,1.1832,0.125422,0,0.09465,0.00274995,0.0,0.252436,0.70562,,,-1,0.1947,-1.0,3,0.1947,7.62,-99.0,-99.0,0.015337,0.29,0.0454239,0.00356937,-0.241874,-1.9494,-1.9494,0.0,943.0225395066511,-15.406949,-16.231851
GS4,27629,53.15050986562146,-27.78386752930287,0.2300168033056322,27629,0.0337565,0.03918,,0.266,1.4832,0.050203,0,0.16107,0.00175028,0.0,0.205314,0.611598,,,-1,0.211,-1.0,3,0.211,7.64,-99.0,-99.0,0.014624,0.26,0.0337565,0.00342252,-0.182565,-1.803,-1.803,0.0,1160.5714289142284,-14.887073,-15.774182
GS4,27660,53.13061372999999,-27.785135947,0.1081796075625966,27660,0.0133264,0.1249,,1.04,1.2437,0.0792436,0,1.09249,0.039325,0.1,1.24331,2.61295,,,0,0.0741,-1.0,3,0.0741,7.08,0.0057013,0.00041009,0.0052912,0.09,0.0133264,0.00234362,-0.0142719,0.249,0.819,0.0,506.1323146917986,-13.558205,-14.780056
GS4,29169,53.16792740997968,-27.7780665760014,0.2035365728046612,29169,0.0538322,0.104,,0.543,0.7633,0.0161211,0,0.38187,0.00253346,0.0,0.40821,1.15997,,,0,0.2467,-1.0,2,0.245,7.95,0.046883,0.001106,0.045777,0.23,0.0538322,0.00920914,-0.133758,-1.1656,-1.1656,0.0,1011.2958772863908,-15.330123,-16.232726
GS4,29861,53.16195966200001,-27.773905269,0.2720688083300505,29861,0.362229,0.4331,,0.296,1.1702,0.00992508,0,0.533622,0.00213557,0.1,1.50416,3.50962,,,0,0.27698,-1.0,2,0.2714,8.42,0.24978,0.021468,0.22831,0.28,0.362229,0.0402319,-0.220867,-1.7452,-1.7452,0.0,1405.1636793851928,-17.201907,-17.875834
GS4,30034,53.150598598,-27.771645555,0.01144639395042308,30034,0.556744,0.8944,,0.477,1.0352,0.00411454,0,1.00939,0.00211167,0.0,4.31295,10.8842,,,0,0.218,0.218,1,0.2119,8.88,0.2646,0.032587,0.23201,0.22,0.556744,0.0941507,-0.119634,-1.3506,-1.3506,0.0,49.94602417581479,-17.647638,-18.508775
GS4,30082,53.13972610300002,-27.77315210200002,0.2823547034761341,30082,0.51103,0.51103,,0.635,0.8599,0.00636652,0,0.429516,0.00111209,0.6,2.52578,11.1714,,,0,0.276,0.276,1,0.2923,9.36,0.44338,0.1943,0.24908,0.28,0.634116,0.0697164,0.239346,-0.8667,-0.8667,0.0,1466.3549726205456,-17.842122,-19.01631
GS4,30277,53.18780841023415,-27.7726191589563,0.1341080628887277,30277,0.044945,0.044945,,0.539,1.4315,0.0362011,0,0.33345,0.00407872,0.1,1.34137,3.44521,,,0,0.1315,0.1315,1,0.1381,7.85,0.049567,0.015217,0.034351,0.13,0.0509448,0.00668173,0.021553,-1.1793,-1.1793,0.0,638.2859245721795,-14.953852,-15.992171
GS4,30490,53.18572981712438,-27.77222647397297,0.1924834799342278,30490,0.0337782,22.53,,1.274,0.2,0.00631963,2,0.042522,0.000368459,0.1,0.193762,1.82601,,,0,-1.0,-1.0,0,0.1143,8.28,-99.0,-99.0,-99.0,0.37,0.0337782,0.0314229,-0.46114,3.2776,7.6446,0.0,950.1058768797479,-15.987157,-17.80113
GS4,30658,53.147227082,-27.77146670899998,0.2771097000927815,30658,0.000255458,0.02903,,1.274,5.5785,0.197741,2,0.018,0.000290179,0.0,0.0528106,0.451494,,,-1,0.0369,-1.0,3,0.0369,6.81,0.0002086,0.00018873,1.9866e-05,0.12,0.000255458,0.000152421,-0.0276628,2.0663,3.1177,0.0,1435.0864435203976,-18.054261,-18.916577
GS4,30725,53.15052310213314,-27.77120553301026,0.2242729774667565,30725,0.0479119,0.04606,,0.112,0.5995,0.0163619,0,0.240666,0.00134696,0.1,0.631398,0.879482,,,0,0.21531,-1.0,2,0.2202,7.43,0.12726,0.016737,0.11052,0.19,0.0479119,0.000575961,-0.0831503,-2.1182,-2.1182,0.0,1127.874786610113,-15.343885,-15.601954
GS4,31801,53.18790037528211,-27.76155187185696,0.1197736580709363,31801,0.11487,0.3274,,0.642,1.6975,0.010481,0,0.980634,0.00357412,0.1,9.30279,30.1801,,,0,0.07681,-1.0,2,0.0785,8.5,0.046783,0.0034273,0.043356,0.09,0.11487,0.0211377,-0.0142719,-0.8393,-0.8393,0.0,564.7296620508403,-16.891392,-18.237363
GS4,31970,53.17734649401711,-27.76392785898526,0.2189985944554494,31970,0.290462,0.290462,,0.687,1.6561,0.0327515,0,0.261414,0.00229358,0.0,1.25697,4.141,,,0,0.2153,-1.0,3,0.2153,8.71,0.14602,0.033517,0.1125,0.28,0.325186,0.0411325,0.152413,-0.6857,-0.6857,0.0,1098.0043126335097,-16.358264,-17.379355
GS4,32140,53.122056305,-27.76437329699999,0.07649030615323088,32140,0.00764073,0.01033,,0.379,0.9596,0.183141,0,0.34182,0.0230645,0.0,0.117281,0.435976,,,-1,0.1845,-1.0,3,0.1845,7.27,-99.0,-99.0,0.0070689,0.2,0.00764073,0.00128758,-0.094367,-1.5782,-1.5782,0.0,350.1526216697953,-13.598174,-14.752458
GS4,32293,53.17044672900143,-27.76135893099773,0.2429631690206847,32293,0.137143,0.2112,,0.468,1.08,0.012648,0,0.452706,0.00211333,0.1,3.46292,9.00703,,,0,0.15315,-1.0,2,0.1496,8.46,0.13439,0.01276,0.12163,0.15,0.137143,0.0184162,-0.0468719,-1.3735,-1.3735,0.0,1234.9030871704317,-16.399087,-17.391422
GS4,32762,53.17294776600495,-27.75903180199306,0.2968674068180665,32762,0.468769,0.468769,,0.535,0.8593,0.00460076,0,0.582084,0.00128871,0.5,9.00485,25.6523,,,0,0.13598,-1.0,2,0.1495,8.84,0.30571,0.085215,0.22049,0.15,0.397337,0.046257,0.287436,-1.1919,-1.1919,0.0,1553.5796740654941,-17.341372,-18.415522
GS5,37111,53.11090046827268,-27.73838346253039,0.1207222215172911,37111,0.00414005,8.938,,1.274,1.5212,0.237174,1,0.487908,0.0388235,0.0,0.0501166,0.381371,,,-1,0.2527,-1.0,3,0.2527,7.73,-99.0,-99.0,0.0047002,0.28,0.00414005,0.00451091,-0.220867,4.1086,7.3104,0.0,569.5594597690572,-13.804286,-15.481524
GS5,37494,53.12871072116392,-27.73636010302241,0.1792200670293284,37494,0.0265578,0.03255,,0.344,3.2557,0.358701,1,0.263646,0.0168117,0.2,0.190427,0.522598,,,-1,0.1827,-1.0,3,0.1827,7.36,0.056806,0.047953,0.0088531,0.25,0.0265578,0.00216178,-0.165181,-1.6514,-1.6514,0.0,877.566806104337,-14.648919,-15.568543
GS5,37937,53.10797413461698,-27.7337454241435,0.2779353003366648,37937,1.0756,10.47,,1.059,1.9732,0.047349,2,0.11928,0.00120463,0.6,2.57474,5.83402,,,0,0.278,0.278,1,0.2824,8.46,0.62343,0.15696,0.46647,0.28,1.0756,0.186578,-0.220867,0.2911,0.5033,0.0,1439.9992769553353,-17.764524,-18.421994
GS5,38240,53.09738479929908,-27.7324595257557,0.2999715086209908,38240,0.208539,0.5846,,0.645,0.8524,0.0435368,0,0.373458,0.00613332,0.0,0.560756,1.79073,,,0,0.29953,-1.0,2,0.2899,8.38,0.14745,0.028804,0.11865,0.3,0.208539,0.0291246,-0.26417,-0.8297,-0.8297,0.0,1572.3694570457076,-16.381711,-17.260789
GS5,38414,53.09795286709032,-27.7315287442874,0.06495669009569957,38414,0.0348912,0.06477,,0.539,3.0416,0.632502,1,0.40926,0.0515243,0.0,0.0921401,0.42785,,,-1,0.0636,-1.0,3,0.0636,6.58,-99.0,-99.0,0.00038706,0.29,0.0348912,0.0045762,-0.241874,-1.1793,-1.1793,0.0,294.93267423912715,-14.293942,-15.554941
GS5,38626,53.11263968167865,-27.72963235062916,0.02050854313483682,38626,0.00203813,6.772,,1.274,0.6823,0.0359083,1,2.35481,0.0604839,0.0,2.54609,5.95226,,,0,0.08491,-1.0,2,0.0815,7.63,0.016778,0.00075751,0.016021,0.05,0.00203813,0.00231553,-0.00389783,4.4179,7.6291,0.0,90.11262011425093,-12.664542,-14.26698
GS5,38811,53.10904772375905,-27.72973333720138,0.2021344254026895,38811,0.001052,8.172,,1.274,0.8516,0.0956411,1,0.482202,0.0171503,0.0,0.221835,1.10231,,,0,0.19901,-1.0,2,0.1903,7.93,0.019561,0.012034,0.0075271,0.14,0.001052,0.00106243,-0.0397656,5.0924,5.0924,0.0,1003.4966816743605,-20.160981,-20.543859
GS5,39828,53.11169283099802,-27.72462953199791,0.2450334188154798,39828,0.00172265,0.02648,,1.26,0.7597,0.129209,0,0.307428,0.014851,0.1,0.197141,0.604391,,,-1,0.1321,-1.0,3,0.1321,7.26,-99.0,-99.0,0.0029058,0.11,0.00172265,0.000239348,-0.0225978,0.7584,1.8252,0.0,1246.8703182819806,-12.290823,-13.695811
GS5,40413,53.12514831149021,-27.72090569708546,0.1765692248460142,40413,0.00042136,0.03087,,1.274,0.9593,0.0656118,0,1.08195,0.0378762,0.1,0.581601,2.23729,,,0,0.14,-1.0,3,0.14,7.82,0.010563,0.0057724,0.0047905,0.07,0.00042136,0.000210119,-0.00812888,1.7748,2.7441,0.0,863.1863310917697,-19.713002,-20.464575
GS5,40859,53.11050530892702,-27.71771286091154,0.2130687507639269,40859,3.5052,3.5052,,1.381,1.8989,0.017637,0,1.07018,0.00588275,0.4,3.77323,16.8618,,,0,0.2138,0.2138,1,0.2081,9.27,0.33048,0.14347,0.18701,0.21,0.824137,0.0742331,3.36461,0.2579,0.7352,0.0,1064.5988495902282,-17.511523,-18.788215
GS5,40984,53.10429326965995,-27.71835702111085,0.01744086293317134,40984,0.00578072,12.48,,1.274,0.4678,0.0722697,2,0.018,0.0011147,0.0,0.0190121,0.23111,,,-1,-1.0,-1.0,0,0.3393,8.27,-99.0,-99.0,-99.0,0.4,0.00578072,0.00629855,-0.571347,4.1086,7.3104,0.0,76.45420594505546,-13.410739,-15.715075
GS5,41139,53.12912177715047,-27.71829625402348,0.01198785874344596,41139,9.36746,9.875,,0.809,0.7673,0.0699253,0,0.227508,0.00489833,1.1,0.330002,0.483696,,,0,0.01005,-1.0,2,0.0197,4.03,3.488e-05,1.555e-05,1.9331e-05,1.52,9.36746,0.332132,-21.8548,-1.1609,-1.1427,0.1349,52.33055360722287,-19.805021,-20.514837
GS5,41160,53.13080393663757,-27.71771106635111,0.07245058263313453,41160,0.00150853,11.49,,1.274,1.9411,0.247065,0,0.023742,0.0010616,0.0,0.124268,0.599591,,,-1,-1.0,-1.0,0,0.01,5.48,-99.0,-99.0,-99.0,0.14,0.00150853,0.00169308,-0.0397656,5.0433,5.0433,0.0,330.71610885065877,-12.262649,-14.057204
GS5,43462,53.115767197,-27.70670571,0.01743542822305284,43462,0.00804843,5.368,,1.274,0.2,0.0266666,2,0.029988,0.00159022,0.0,0.015562,0.234166,,,-1,-1.0,-1.0,0,0.3495,8.0,-99.0,-99.0,-99.0,0.45,0.00804843,0.00748722,-0.791259,3.2776,7.6446,0.0,76.4300643036593,-14.295884,-16.14927
GS5,44048,53.09674802400001,-27.704334493,0.2481154980013341,44048,0.00465686,0.005219,,0.218,2.2317,0.61284,0,0.32352,0.0438399,0.0,0.141628,0.338732,,,-1,0.0713,-1.0,3,0.0713,6.33,-99.0,-99.0,0.0010067,0.17,0.00465686,0.000465233,-0.0633679,-1.8955,-1.8955,0.0,1264.727520329052,-13.050036,-13.993828
GS5,45788,53.12704030341032,-27.69516525429951,0.01803230620802234,45788,0.0,0.0,,0.0,0.3075,0.00173087,1,0.038154,6.83757e-05,0.0,45.5268,87.5549,,,0,-1.0,-1.0,0,0.0615,8.42,-99.0,-99.0,-99.0,0.0,0.0,0.0,0.0,0.0,13.7704,0.0,79.08264576547869,-9.498115,-10.474571
