FIELD,ID,td_lmass,PAB_SFR_EX2,PAB_SFR_EX2_LIMIT,PAB_SFR_EX2_LIMIT_RAND,ir_UV_beta,PAB_SFR_EXCESS_LIMIT_RAND,MASS_BINS,ROLL_STD,ROLL_MAD,EXCESS_DIS_FIT,ROLL_MAD_FIT,ROLL_MAD_FIT_R,ROLL_MAD_FIT_TOP,ROLL_MAD_FIT_BOT
,41139,4.03,,-4.682493632155546,-4.411095684339895,-1.1609,-4.411095684339895,0,,4.411095684339895,-5.584035143662692,6.756974602985488,-5.584035143662692,6.756974602985488,-4.411095684339895
,41160,5.48,,0.5609209348218962,0.08714179279904721,5.0433,0.08714179279904721,0,,2.2491187385694715,-0.6212129646999871,3.810978811680374,-3.10262405418134,3.810978811680374,-2.394269296682305
,37545,5.89,,1.3767571538890793,0.2918686391850742,5.1119,0.2918686391850742,0,,0.2918686391850742,-0.2851207888327587,1.19820239271782,-0.6212129646999871,1.19820239271782,-0.044223536682154174
,26881,6.13,,0.3565522850183047,-0.19086475560756888,-2.2259,-0.19086475560756888,0,,0.24136669739632155,-0.6909574053925034,1.1561778348311798,-0.6560851850462452,1.1561778348311798,-0.15599253526131074
,33042,6.15,,-4.184665017250952,-5.300211991875601,-1.0644,-5.300211991875601,0,,0.2918686391850742,-5.793896576807794,1.184641990324696,-0.6909574053925034,1.184641990324696,-0.1972728204603107
,44048,6.33,,1.0936334202413973,0.8934025152626588,-1.8955,0.8934025152626588,0,,0.5926355772238665,0.45739051400513997,1.092097186303764,-0.6560851850462452,1.092097186303764,-0.22007318378872642
,40131,6.34,,2.2257493087122278,1.92721489626231,-2.0154,1.92721489626231,0,,0.8934025152626588,1.4944069274311618,1.1237653742236515,-0.6909574053925034,1.1237653742236515,-0.25814943656135525
,42937,6.41,,-0.8841504730996439,-1.040658396882697,-2.123,-1.040658396882697,0,,0.9670304560726779,-1.45103813872925,1.4813775139074297,-1.0709977720608768,1.4813775139074297,-0.6606180302143239
,42937,6.41,,0.8153364571715125,0.5945835064668694,-2.123,0.5945835064668694,0,,0.8934025152626588,0.1842037646203165,1.1013371472390563,-0.6909574053925034,1.1013371472390563,-0.2805776635459505
,42937,6.41,,0.7791648670180402,0.6218976256318038,-2.123,0.6218976256318038,0,2.3512406711389806,0.7576500704472313,0.21151788378525094,1.0664649268927981,-0.6560851850462452,1.0664649268927981,-0.24570544319969234
,42937,6.41,,-0.9203220632531162,-1.287851288398115,-2.123,-1.287851288398115,0,1.973638320514313,0.8934025152626588,-1.698231030244668,1.1013371472390563,-0.6909574053925034,1.1013371472390563,-0.2805776635459505
,38861,6.5,,-0.10421914665039411,-0.6277834408100209,-1.3277,-0.6277834408100209,1,1.9693764987972109,0.7605929780363399,-1.0093268908192368,1.231685598115086,-0.8501421481058702,1.231685598115086,-0.4685986980966542
,38414,6.58,,-0.4696119352991044,-0.4212141331165551,-1.1793,-0.4212141331165551,1,1.9539142220418826,0.6277834408100209,-0.7771253237148046,1.133036514313054,-0.7771253237148046,1.133036514313054,-0.4212141331165551
,26559,6.61,,2.2093902251401016,1.4127607567258704,4.4321,1.4127607567258704,1,2.044284930035089,0.7605929780363399,1.066461663406733,1.2395252005861581,-0.8932261072670207,1.2395252005861581,-0.5469270139478832
GS4,26559,6.61,2.3972166900562155,,,4.4321,2.3972166900562155,1,1.2609745833478512,0.8934025152626588,2.050917596737078,1.3556259841383742,-1.0093268908192368,1.3556259841383742,-0.6630277975000993
,27353,6.68,,0.4278004903317254,-0.07293426816170401,-1.1503,-0.07293426816170401,1,1.2599869711909453,0.7605929780363399,-0.3968051344962462,1.2170969736015629,-0.8932261072670207,1.2170969736015629,-0.5693552409324785
,22082,6.72,,-2.2323893179273724,-3.5514142410394967,-1.0644,-3.5514142410394967,1,1.6337936210472501,0.8934025152626588,-3.8624689776685557,1.3203816274482958,-1.0093268908192368,1.3203816274482958,-0.6982721541901777
GS3,39564,6.77,2.6090625894450135,,,2.1956,2.6090625894450135,1,1.8214053014758087,0.9670304560726779,2.3140280149478083,1.33292885161019,-1.0378942771129849,1.33292885161019,-0.7428597026157797
,39564,6.77,,2.2709045346389765,2.3314137247346842,2.1956,2.3314137247346842,1,1.9452607567601101,1.040658396882697,2.036379150237479,1.3614962379039381,-1.066461663406733,1.3614962379039381,-0.7714270889095278
,32567,6.77,,-2.0734921282425276,-1.9052383045912722,-1.6508,-1.9052383045912722,1,2.065187089201783,1.164254842640406,-2.2002728790884776,1.5537844755651966,-1.2587499010679915,1.5537844755651966,-0.9637153265707863
,37966,6.77,,-0.636948594787497,-0.897418527029216,-1.7501,-0.897418527029216,1,2.039812213409471,1.040658396882697,-1.192453101526421,1.4874876760236262,-1.192453101526421,1.4874876760236262,-0.8974185270292159
,21327,6.79,,-4.322734030410581,-5.012661323361586,-1.0728,-5.012661323361586,2,2.6114090098183276,1.164254842640406,-5.301287833006049,1.6103721297722988,-1.3217456201278355,1.6103721297722988,-1.0331191104833721
,30658,6.81,,2.331142629119122,2.385275195487062,2.0663,2.385275195487062,2,2.745612001866326,1.287851288398115,2.10305675069534,1.733256583520972,-1.45103813872925,1.733256583520972,-1.168819693937528
,44280,6.83,,1.3171870018841827,1.059872424106484,4.1059,1.059872424106484,2,2.727208580033153,1.1738618562522996,0.7840620441675035,1.597556000066816,-1.3217456201278355,1.597556000066816,-1.0459352401888549
,44280,6.83,,1.3171870018841827,0.6973099249461367,4.1059,0.6973099249461367,2,2.606963242218298,1.059872424106484,0.42149954500715614,1.4682634814654016,-1.192453101526421,1.4682634814654016,-0.9166427215874404
,44280,6.83,,1.3171870018841827,1.1611488058992632,4.1059,1.1611488058992632,2,2.644462725691766,1.1105106150028736,0.8853384259602826,1.4052677624055576,-1.129457382466577,1.4052677624055576,-0.8536470025275964
,44280,6.83,,1.3171870018841827,1.4475214468053577,4.1059,1.4475214468053577,2,2.3815237455599365,1.1611488058992632,1.171711066866377,1.4475214468053577,-1.171711066866377,1.4475214468053577,-0.8959006869273964
,47656,6.86,,1.2636280593405664,1.246252892485797,4.1059,1.246252892485797,2,2.276977524489982,1.20370084919253,0.9800546098259288,1.3852846477964231,-1.119086365136555,1.3852846477964231,-0.8528880824766869
,47656,6.86,,1.330625465056142,1.2105068084874069,4.1059,1.2105068084874069,2,2.1890969206991944,1.2105068084874069,0.9443085258275388,1.332659946066601,-1.066461663406733,1.332659946066601,-0.8002633807468649
,37724,6.95,,-3.9761090403722434,-4.109889853796737,-1.495,-4.109889853796737,3,2.5059605998862082,1.228379850486602,-4.347251844619269,1.356448355959086,-1.119086365136555,1.356448355959086,-0.881724374314024
,16080,7.04,,1.305633778059509,1.681188152592782,-0.4144,1.681188152592782,3,2.545005287589478,1.246252892485797,1.4726624536075876,1.3802367658515715,-1.171711066866377,1.3802367658515715,-0.9631853678811826
,16039,7.06,,1.5513422230092098,1.976133963850304,-1.7874,1.976133963850304,3,1.817149709028065,1.267052090441956,1.7740163297178513,1.3841997183288517,-1.182082084196399,1.3841997183288517,-0.9799644500639464
,23274,7.07,,0.07492349369192919,-0.7932020738854932,-1.6048,-0.7932020738854932,3,1.8016466095400514,1.246252892485797,-0.9921156755915752,1.370624668572459,-1.171711066866377,1.370624668572459,-0.9727974651602951
,22443,7.07,,0.22030577053696243,0.26120028976075327,-1.7346,0.26120028976075327,3,1.7945998194674686,1.228379850486602,0.0622866880546713,1.317999966842637,-1.119086365136555,1.317999966842637,-0.920172763430473
,27660,7.08,,1.059102143591028,0.48894637485296655,0.249,0.48894637485296655,3,1.7929770961281042,1.2105068084874069,0.29323680557325527,1.2621712326864443,-1.066461663406733,1.2621712326864443,-0.8707520941270217
,19237,7.08,,0.10918431836625087,0.23583153121078237,-1.514,0.23583153121078237,3,1.7763988164904765,1.185827807193335,0.04012196193107109,1.2336038463926962,-1.0378942771129849,1.2336038463926962,-0.8421847078332736
,22600,7.09,,-3.3144803386441195,-3.26606749739734,-1.9461,-3.26606749739734,3,2.05983134141189,1.2105068084874069,-3.4585730342506804,1.2589672002600736,-1.066461663406733,1.2589672002600736,-0.8739561265533924
,32018,7.09,,-2.224080184616356,-2.2995719138361617,-1.7873,-2.2995719138361617,3,2.1056953433681813,1.228379850486602,-2.4920774506895023,1.3115919019898956,-1.119086365136555,1.3115919019898956,-0.9265808282832144
,23394,7.1,,0.7874362904851537,0.676223277998993,-1.1656,0.676223277998993,3,2.064941366133327,1.2105068084874069,0.48692177357202304,1.255763167833703,-1.066461663406733,1.255763167833703,-0.8771601589797631
,29999,7.12,,1.7201094406048383,1.9873759930272867,-1.8035,1.9873759930272867,4,1.7637040242235251,1.228379850486602,1.8044825534530586,1.3019798047107831,-1.119086365136555,1.3019798047107831,-0.9361929255623269
,45222,7.13,,1.810782741209017,1.462230197179316,4.1086,1.462230197179316,4,1.7430596733783024,1.246252892485797,1.2825407900314585,1.3514004740142345,-1.171711066866377,1.3514004740142345,-0.9920216597185196
,45222,7.13,,2.0888189523255174,1.909814038958849,4.1086,1.909814038958849,4,1.7351217819904092,1.267052090441956,1.7301246318109915,1.3617714913442565,-1.182082084196399,1.3617714913442565,-1.0023926770485416
,45222,7.13,,0.589375603820947,0.9882627536011053,4.1086,0.9882627536011053,4,1.7285130572811265,1.246252892485797,0.8085733464532479,1.3514004740142345,-1.171711066866377,1.3514004740142345,-0.9920216597185196
,45222,7.13,,0.8674118149374404,0.8775060202822824,4.1086,0.8775060202822824,4,1.7401259215606235,1.228379850486602,0.697816613134425,1.2987757722844124,-1.119086365136555,1.2987757722844124,-0.9393969579886976
,25348,7.16,,-1.6487434645311319,-2.2903373244081657,-1.7346,-2.2903373244081657,4,1.9202924110785868,1.246252892485797,-2.4604146342769107,1.341788376735122,-1.171711066866377,1.341788376735122,-1.0016337569976321
,34819,7.17,,-4.009072933879472,-4.237505826759743,-1.9461,-4.237505826759743,4,2.3413934931902256,1.267052090441956,-4.404379104202118,1.3489553616387733,-1.182082084196399,1.3489553616387733,-1.0152088067540248
,25934,7.18,,0.6896156567083647,0.8478089300129124,-1.5895,0.8478089300129124,4,2.138208710069077,1.246252892485797,0.6841396849969088,1.3353803118823806,-1.171711066866377,1.3353803118823806,-1.0080418218503735
,20401,7.2,,2.369191692581726,2.3085103234793145,4.7798,2.3085103234793145,4,2.0853254440479043,1.267052090441956,2.1512491433160528,1.3393432643596608,-1.182082084196399,1.3393432643596608,-1.0248209040331373
,27473,7.23,,0.06670054788531554,0.10245294665575666,-1.5579,0.10245294665575666,5,2.0863940297219647,1.246252892485797,-0.045196136228393025,1.3193601497505267,-1.171711066866377,1.3193601497505267,-1.0240619839822274
,20421,7.24,,1.2960614768704621,0.8209041608991887,0.7584,0.8209041608991887,5,2.0190331880491095,1.228379850486602,0.6764591104414097,1.263531415594334,-1.119086365136555,1.263531415594334,-0.974641314678776
,39828,7.26,,2.1933898255801574,1.6345812524186933,0.7584,1.6345812524186933,5,2.030956634709539,1.228379850486602,1.4965442668136562,1.2571233507415922,-1.119086365136555,1.2571233507415922,-0.9810493795315178
,32140,7.27,,0.1175403180283685,-0.32720396734308776,-1.5782,-0.32720396734308776,5,1.9552641121184815,1.228379850486602,-0.46203692052175427,1.2539193183152215,-1.119086365136555,1.2539193183152215,-0.9842534119578885
,48026,7.3,,1.190875163211048,0.9042681628346485,3.9143,0.9042681628346485,5,1.9510689586218464,1.228379850486602,0.779047306935094,1.2443072210361095,-1.119086365136555,1.2443072210361095,-0.9938655092370006
,31334,7.33,,0.37718060034641177,0.09675750091330393,-1.4669,0.09675750091330393,5,1.9304147128603633,1.228379850486602,-0.018851257707138025,1.234695123756997,-1.119086365136555,1.234695123756997,-1.003477606516113
,23425,7.36,,0.7110573147815429,0.30245191567947805,-1.2008,0.30245191567947805,5,1.7570354074340726,1.185827807193335,0.1964552543381486,1.1438909384543143,-1.0378942771129849,1.1438909384543143,-0.9318976157716554
,37494,7.36,,0.23525387287664712,-0.08351836074670915,-1.6514,-0.08351836074670915,5,0.8213506459684706,1.185827807193335,-0.1895150220880386,1.1438909384543143,-1.0378942771129849,1.1438909384543143,-0.9318976157716554
,32823,7.38,,-0.30043366610591793,-0.7714941243942883,-1.8672,-0.7714941243942883,5,0.9324705618919757,1.1105106150028736,-0.8710827208828764,1.100309879693994,-1.000721283205406,1.100309879693994,-0.9011326867168179
,31871,7.4,,2.603336430151655,2.300717656909638,0.7584,2.300717656909638,5,0.930791861308063,1.185827807193335,2.2075371252737916,1.0939018148412523,-1.000721283205406,1.0939018148412523,-0.9075407515695597
,31871,7.4,,2.742694820227148,1.8012016866582932,0.7584,1.8012016866582932,5,1.0028122671652326,1.228379850486602,1.708021155022447,1.1310748087488312,-1.0378942771129849,1.1310748087488312,-0.9447137454771386
,31871,7.4,,2.0062387991287998,2.252963264666453,0.7584,2.252963264666453,5,1.1222360434759426,1.267052090441956,2.1597827330306067,1.2122668967724013,-1.119086365136555,1.2122668967724013,-1.0259058335007087
,31871,7.4,,2.145597189204293,2.1905848420128655,0.7584,2.1905848420128655,5,1.1798633289100147,1.3295068246058337,2.0974043103770192,1.2122668967724013,-1.119086365136555,1.2122668967724013,-1.0259058335007087
,26910,7.41,,0.029744445058715208,0.3611065599410752,-0.236,0.3611065599410752,6,1.1210895268042225,1.3295068246058337,0.2711300607315996,1.2090628643460306,-1.119086365136555,1.2090628643460306,-1.0291098659270794
,26910,7.41,,0.04406190902247875,-0.8727739313785916,-0.236,-0.8727739313785916,6,1.2589537439583478,1.3295068246058337,-0.9627504305880672,1.2090628643460306,-1.119086365136555,1.2090628643460306,-1.0291098659270794
,26910,7.41,,0.03656920737767155,-0.035635197647027717,-0.236,-0.035635197647027717,6,1.2673458762433816,1.228379850486602,-0.1256116968565033,1.1718898704384517,-1.0819133712289761,1.1718898704384517,-0.9919368720195005
,23108,7.41,,-2.423131315811289,-2.6318790517544874,-1.4366,-2.6318790517544874,6,1.6599646565855481,1.228379850486602,-2.721855550963963,1.1718898704384517,-1.0819133712289761,1.1718898704384517,-0.9919368720195005
,26910,7.41,,0.037237146703522406,-0.4682316587031634,-0.236,-0.4682316587031634,6,1.6780914574711043,1.228379850486602,-0.558208157912639,1.1718898704384517,-1.0819133712289761,1.1718898704384517,-0.9919368720195005
,36000,7.42,,1.5124412817792336,1.4399717251298743,3.2776,1.4399717251298743,6,1.6501860635122152,1.228379850486602,1.3531992583467694,1.168685838012081,-1.0819133712289761,1.168685838012081,-0.9951409044458712
,15908,7.42,,-2.212776344381231,-2.0504018414325014,-2.2428,-2.0504018414325014,6,1.7333701885444348,1.228379850486602,-2.1371743082156063,1.168685838012081,-1.0819133712289761,1.168685838012081,-0.9951409044458712
,40188,7.42,,1.577955893053605,1.4221782265473801,-1.6775,1.4221782265473801,6,1.6982233931070205,1.228379850486602,1.3354057597642752,1.168685838012081,-1.0819133712289761,1.168685838012081,-0.9951409044458712
,34903,7.43,,0.13682987588150652,-0.7610652643564499,-1.654,-0.7610652643564499,7,1.5463162430714688,1.185827807193335,-0.8446336987131842,1.0696535770654862,-0.986085142708752,1.0696535770654862,-0.9025167083520178
,34903,7.43,,0.12033375152418202,0.2722581610171737,-1.654,0.2722581610171737,7,1.3286509792433991,1.185827807193335,0.18868972666043948,1.0549709545637322,-0.971402520206998,1.0549709545637322,-0.8878340858502638
,20016,7.44,,1.7470638913250744,1.4781885134151813,-1.5782,1.4781885134151813,7,1.436060140430517,1.185827807193335,1.3978241114848178,1.0517669221373616,-0.971402520206998,1.0517669221373616,-0.8910381182766345
,37608,7.44,,0.7442653672208659,0.007324929824566562,-1.8672,0.007324929824566562,7,1.4185213272347612,1.1105106150028736,-0.07303947210579698,1.0338938801381665,-0.953529478207803,1.0338938801381665,-0.8731650762774394
,20320,7.46,,-1.575370014292651,-2.19256145948924,-1.0728,-2.19256145948924,7,1.5591334358918838,1.185827807193335,-2.2665177965668617,1.0453588572846197,-0.971402520206998,1.0453588572846197,-0.8974461831293763
,21260,7.46,,-0.1406773597031622,-0.4435002153292521,-1.3277,-0.4435002153292521,7,1.3413938110499606,1.185827807193335,-0.5174565524068738,1.0453588572846197,-0.971402520206998,1.0453588572846197,-0.8974461831293763
,26646,7.48,,-0.34218962591441937,-1.2458927607434136,-1.3277,-1.2458927607434136,7,1.3850400601580646,1.2281997846154102,-1.313441032968294,1.0536334149336324,-0.986085142708752,1.0536334149336324,-0.9185368704838717
GS4,26646,7.48,-0.09927400245751727,,,-1.3277,-0.09927400245751727,7,1.261661494170097,1.099384781044256,-0.16682227468239763,1.0389507924318784,-0.971402520206998,1.0389507924318784,-0.9038542479821177
,27689,7.5,,0.8398041823048268,1.0292031389284753,0.0331,1.0292031389284753,8,1.176529178807863,1.0087329462647903,0.9680629315563363,1.0265468884443407,-0.9654066810722017,1.0265468884443407,-0.9042664737000627
,27689,7.5,,0.839684755627355,1.1583014499552484,0.0331,1.1583014499552484,8,1.1422181019235864,1.0087329462647903,1.0971612425831094,1.0412295109460947,-0.9800893035739557,1.0412295109460947,-0.9189490962018168
,27689,7.5,,0.8395222274466883,1.3553623592120254,0.0331,1.3553623592120254,8,1.196717079042048,1.0087329462647903,1.2942221518398864,1.0412295109460947,-0.9800893035739557,1.0412295109460947,-0.9189490962018168
,27689,7.5,,0.8394028007692165,0.8265599995313928,0.0331,0.8265599995313928,8,1.2166103863137947,0.9462654582178769,0.7654197921592538,1.0265468884443407,-0.9654066810722017,1.0265468884443407,-0.9042664737000627
,33609,7.5,,2.3481078893987775,1.9104644256120995,-0.8288,1.9104644256120995,8,1.2739013643121557,0.9462654582178769,1.8493242182399605,1.0265468884443407,-0.9654066810722017,1.0265468884443407,-0.9042664737000627
,33496,7.51,,0.16338031205257586,0.18924537851732204,-1.9728,0.18924537851732204,8,1.2716555944593353,0.9462654582178769,0.13130920357155373,0.9748527506812401,-0.9169165757354718,0.9748527506812401,-0.8589804007897035
,12088,7.51,,0.7267927904219007,0.9802744508508965,-1.9119,0.9802744508508965,8,0.9499795357061811,0.9842686022260009,0.9223382759051282,1.0004805281923659,-0.9425443532465976,1.0004805281923659,-0.8846081783008294
,33496,7.51,,0.24332243298399625,-0.7211804927138115,-1.9728,-0.7211804927138115,8,0.9861385804148057,0.9842686022260009,-0.7791166676595798,1.0004805281923659,-0.9425443532465976,1.0004805281923659,-0.8846081783008294
,35390,7.52,,1.7476172571681778,1.2667730361698282,0.0552,1.2667730361698282,8,0.7794707448682191,1.0087329462647903,1.2120408936504306,1.0201388235915994,-0.9654066810722017,1.0201388235915994,-0.9106745385528041
,23054,7.53,,0.4947383539378569,0.5490193464301873,-1.1609,0.5490193464301873,8,0.7221849910775652,0.9842686022260009,0.49749123633716086,0.9940724633396242,-0.9425443532465977,0.9940724633396242,-0.8910162431535712
,20818,7.54,,0.7806347265493383,0.7529133382017872,-1.6712,0.7529133382017872,9,0.7200363824008832,0.9422713068427725,0.7045892605351314,0.9450345760606581,-0.8967104983940023,0.9450345760606581,-0.8483864207273465
,37098,7.55,,-0.7402445868850395,-0.8614344242355744,0.181,-0.8614344242355744,9,0.8818082905467968,0.9422713068427725,-0.9065544694758595,0.959566417930779,-0.9144463726904939,0.959566417930779,-0.8693263274502088
,35536,7.56,,-0.3108247142767864,-0.5624548596872243,-1.1523,-0.5624548596872243,9,0.9132556057931206,0.8908870915584655,-0.6043708725011387,0.9307346079932823,-0.8888185951793679,0.9307346079932823,-0.8469025823654535
,31639,7.59,,0.29814223150003816,-0.4195220023795505,-1.6712,-0.4195220023795505,9,0.9382607655681098,0.875139975830437,-0.45182591791435245,0.8901621253328322,-0.8578582097980303,0.8901621253328322,-0.8255542942632283
,31639,7.59,,0.2083934819661346,0.19762494601877112,-1.6712,0.19762494601877112,9,0.7509484223586836,0.8671041778070829,0.16532103048396918,0.858907438118018,-0.826603522583216,0.858907438118018,-0.7942996070484141
,33175,7.6,,0.25104189352796924,0.34958882044861683,-1.822,0.34958882044861683,9,0.7538910072303014,0.8546216771242434,0.3204889373401856,0.8409750662948132,-0.811875183186382,0.8409750662948132,-0.7827753000779507
,35017,7.6,,0.635161152274905,-0.16320009714958306,-1.663,-0.16320009714958306,9,0.699235879998077,0.8371844647721526,-0.1922999802580143,0.8409750662948132,-0.811875183186382,0.8409750662948132,-0.7827753000779507
,33175,7.6,,0.25960535462054013,-0.0698275892871858,-1.822,-0.0698275892871858,9,0.6491160024976025,0.8237320802152908,-0.09892747239561706,0.8081818704057682,-0.7790819872973369,0.8081818704057682,-0.7499821041889057
,31985,7.61,,2.4227909693448835,2.009466077688269,6.655,2.009466077688269,9,0.8175737798932255,0.8237320802152908,1.9835702270062088,0.804977837979397,-0.7790819872973369,0.804977837979397,-0.7531861366152768
,36127,7.61,,0.826841297357823,-0.4058548654907319,-1.6271,-0.4058548654907319,9,0.8251807705733604,0.7961991426467385,-0.43175071617279204,0.804977837979397,-0.7790819872973369,0.804977837979397,-0.7531861366152768
,27624,7.62,,0.008745108330029394,-0.4128512664561612,-1.9494,-0.4128512664561612,10,0.8020019366636015,0.7662796943753691,-0.43554308471185066,0.7949253678028634,-0.7722335495471739,0.7949253678028634,-0.7495417312914845
,33739,7.62,,-0.5711197043309735,-0.6405059186619635,-1.347,-0.6405059186619635,10,0.779395556874004,0.7662796943753691,-0.6631977369176529,0.7949253678028634,-0.7722335495471739,0.7949253678028634,-0.7495417312914845
,27629,7.64,,0.2578826322957417,0.37765543009848046,-1.803,0.37765543009848046,10,0.7620953445911853,0.7569893012791186,0.3613716766955324,0.788517302950122,-0.7722335495471739,0.788517302950122,-0.7559497961442259
,32713,7.64,,1.4550655149916083,1.3975594466835717,-0.4144,1.3975594466835717,10,0.8416361316826378,0.7569893012791186,1.3812756932806236,0.788517302950122,-0.7722335495471739,0.788517302950122,-0.7559497961442259
,32713,7.64,,1.5161191442140507,1.1143844155243046,-0.4144,1.1143844155243046,10,0.8825423424921032,0.7662796943753691,1.0981006621213565,0.795365740700285,-0.7790819872973369,0.795365740700285,-0.7627982338943888
,24641,7.65,,0.22340541826865024,0.3943900070060049,-1.0839,0.3943900070060049,10,0.8826219134396281,0.7569893012791186,0.3813102860294275,0.7853479508859942,-0.7722682299094168,0.7853479508859942,-0.7591885089328394
,37614,7.65,,-0.4924080511711433,-0.6427301723678875,-1.5662,-0.6427301723678875,10,0.9261655787621227,0.7569893012791186,-0.6558098933444649,0.7853479508859942,-0.7722682299094168,0.7853479508859942,-0.7591885089328394
,37685,7.66,,-0.6708881486983147,-0.7155952445230129,0.2526,-0.7155952445230129,10,0.9768839293250602,0.7569893012791186,-0.7254709330732192,0.782143918459623,-0.7722682299094168,0.782143918459623,-0.7623925413592105
,44263,7.66,,1.607412218920782,1.706203759078452,5.0433,1.706203759078452,10,0.9191101354795654,0.7662796943753691,1.6963280705282457,0.8217508717365882,-0.811875183186382,0.8217508717365882,-0.8019994946361757
,44263,7.66,,1.5972373974850207,1.248031287472724,5.0433,1.248031287472724,10,0.9430173765841348,0.7938126319439214,1.2381555989225177,0.8217508717365882,-0.811875183186382,0.8217508717365882,-0.8019994946361757
,44263,7.66,,1.6355162954224873,1.8765176206593388,5.0433,1.8765176206593388,10,1.004335825443974,0.7938126319439214,1.8666419321091325,0.8217508717365882,-0.811875183186382,0.8217508717365882,-0.8019994946361757
,44263,7.66,,1.625341473986719,1.0634755822025745,5.0433,1.0634755822025745,10,0.908252994843554,0.7938126319439214,1.0535998936523683,0.8217508717365882,-0.811875183186382,0.8217508717365882,-0.8019994946361757
GN5,33249,7.67,0.8101161610355652,,,-1.9463,0.8101161610355652,11,0.8970887861702659,0.7855907126960076,0.8034445049117296,0.7979522424094903,-0.7912805862856547,0.7979522424094903,-0.7846089301618191
,14701,7.67,,0.7061676231868292,0.49160002957800253,-0.7482,0.49160002957800253,11,0.8784200403651217,0.7569893012791186,0.48492837345416695,0.7789398860332524,-0.7722682299094168,0.7789398860332524,-0.7655965737855812
,33249,7.67,,0.17753941506577942,-0.056483295791545096,-1.9463,-0.056483295791545096,11,0.8999488565262376,0.7569893012791186,-0.06315495191538067,0.7789398860332524,-0.7722682299094168,0.7789398860332524,-0.7655965737855812
,33249,7.67,,-0.028192353467617615,0.23552245441499675,-1.9463,0.23552245441499675,11,0.905709856050465,0.7370469154577993,0.22885079829116117,0.7521170187400721,-0.7454453626162365,0.7521170187400721,-0.7387737064924009
,33249,7.67,,0.21573941568431731,-0.14012751430218717,-1.9463,-0.14012751430218717,11,0.840586310841069,0.7370469154577993,-0.14679917042602275,0.7521170187400721,-0.7454453626162365,0.7521170187400721,-0.7387737064924009
,33249,7.67,,-0.06639235408614841,-0.20951016401603173,-1.9463,-0.20951016401603173,11,0.7605271365118133,0.7183878686184122,-0.2161818201398673,0.7217017529280109,-0.7150300968041753,0.7217017529280109,-0.7083584406803397
,25995,7.68,,-1.7785225065859769,-6.789007211676845,-1.9463,-6.789007211676845,12,2.429096759072558,0.7370469154577993,-6.79247483537431,0.7489129863137014,-0.7454453626162365,0.7489129863137014,-0.7419777389187716
,34312,7.68,,0.42495291099675847,0.005275578333709285,-2.0451,0.005275578333709285,12,2.381112356996478,0.7183878686184122,0.001807954636244391,0.7184977205016402,-0.7150300968041753,0.7184977205016402,-0.7115624731067104
,34312,7.68,,0.4028286299850594,0.42020590845184125,-2.0451,0.42020590845184125,12,2.2774339965488424,0.6791627084454502,0.41673828475437635,0.687361122423857,-0.6838934987263922,0.687361122423857,-0.6804258750289273
,34312,7.68,,0.5570724135289071,0.7971120664084099,-2.0451,0.7971120664084099,12,2.2596846524309595,0.6791627084454502,0.793644442710945,0.687361122423857,-0.6838934987263922,0.687361122423857,-0.6804258750289273
,34312,7.68,,0.5349481325172152,0.6831484596516264,-2.0451,0.6831484596516264,12,2.2522022859716286,0.662939316009757,0.6796808359541615,0.6749069101333721,-0.6714392864359072,0.6749069101333721,-0.6679716627384423
GN3,35455,7.69,-0.48882969327664405,,,-0.9712,-0.48882969327664405,12,2.227562197246019,0.662939316009757,-0.48909328454773826,0.6717028777070014,-0.6714392864359072,0.6717028777070014,-0.671175695164813
,35455,7.69,,-0.6544288627040888,-0.5996938539994705,-0.9712,-0.5996938539994705,12,2.2206871997380015,0.6416180455149255,-0.5999574452705647,0.6597674064021531,-0.6595038151310589,0.6597674064021531,-0.6592402238599647
,30727,7.7,,0.3734146948119774,0.28782178918520906,-2.115,0.28782178918520906,12,2.2229564780889244,0.6416180455149255,0.29076223034048554,0.6565633739757825,-0.6595038151310589,0.6565633739757825,-0.6624442562863354
,30727,7.7,,0.387333668565468,1.0010373209545025,-2.115,1.0010373209545025,12,2.2779889107809757,0.6416180455149255,1.003977762109779,0.6565633739757825,-0.6595038151310589,0.6565633739757825,-0.6624442562863354
,30727,7.7,,0.34975632595352146,0.04648450113610658,-2.115,0.04648450113610658,12,2.2829148514224293,0.6416180455149255,0.049424942291383056,0.6565633739757825,-0.6595038151310589,0.6565633739757825,-0.6624442562863354
,30727,7.7,,0.410992037423924,0.5961828513859262,-2.115,0.5961828513859262,12,0.5337726859581626,0.620099886330717,0.5991232925412027,0.6271499417675254,-0.6300903829228018,0.6271499417675254,-0.6330308240780783
,20623,7.71,,-2.1771432107019573,-2.6671614459766113,-1.142,-2.6671614459766113,13,1.0766676701790894,0.6416180455149255,-2.661016972394964,0.6533593415494118,-0.6595038151310589,0.6533593415494118,-0.6656482887127061
,47951,7.72,,0.28233512736148203,-0.3166537887526202,-1.8035,-0.3166537887526202,13,1.0704913454926737,0.620099886330717,-0.30730528274460234,0.620741876914784,-0.6300903829228018,0.620741876914784,-0.6394388889308197
,24915,7.75,,-1.3734643953178831,-1.075518878344654,-1.514,-1.075518878344654,13,1.0665025960778232,0.620099886330717,-1.0565582750575238,0.6111297796356715,-0.6300903829228018,0.6111297796356715,-0.6490509862099322
,41897,7.77,,2.0294800757318554,0.787262746927142,6.7263,0.787262746927142,13,1.07711574877447,0.620099886330717,0.8126314150670138,0.6047217147829301,-0.6300903829228018,0.6047217147829301,-0.6554590510626735
,34363,7.8,,-3.6704013867080576,-3.7268535056993315,4.8808,-3.7268535056993315,13,1.5445434957416624,0.620099886330717,-3.6918727402803473,0.5951096175038176,-0.6300903829228018,0.5951096175038176,-0.665071148341786
,31752,7.81,,-0.47662964186348244,-0.2767409460549929,0.2911,-0.2767409460549929,13,1.547151333974136,0.5979383526926983,-0.238556148209638,0.5639793610404968,-0.6021641588858517,0.5639793610404968,-0.6403489567312066
,36686,7.82,,-0.45946830801061256,-0.179715629104513,3.2776,-0.179715629104513,13,1.5264692532406015,0.5979383526926983,-0.13832679883278698,0.5607753286141257,-0.6021641588858517,0.5607753286141257,-0.6435529891575777
,40413,7.82,,2.858322002099138,1.1400482441388693,1.7748,1.1400482441388693,13,1.5430220930891736,0.5979383526926983,1.1814370744105953,0.5607753286141257,-0.6021641588858517,0.5607753286141257,-0.6435529891575777
,26696,7.86,,-0.5544111947017856,-1.731661333784807,-1.8391,-1.731661333784807,13,1.5667091870814513,0.5979383526926983,-1.6774563738075978,0.5479591989086425,-0.6021641588858517,0.5479591989086425,-0.6563691188630609
,38512,7.86,,2.5594397574122723,2.3019006941912337,5.3313,2.3019006941912337,13,1.8038650188680276,0.5979383526926983,2.356105654168443,0.5479591989086425,-0.6021641588858517,0.5479591989086425,-0.6563691188630609
GS4,26696,7.86,0.14321083984486166,,,-1.8391,0.14321083984486166,13,1.654336775024099,0.5979383526926983,0.19741579982207086,0.5479591989086425,-0.6021641588858517,0.5479591989086425,-0.6563691188630609
,32625,7.92,,0.59296370225637,0.21981393835052676,-1.1609,0.21981393835052676,14,1.6621811958570787,0.5793188555365753,0.29324309288596007,0.5261112143704504,-0.5995403689058837,0.5261112143704504,-0.672969523441317
,34682,7.93,,0.8139286871624796,-1.622650663313487,-0.0253,-1.622650663313487,14,1.7012904830516489,0.5793188555365753,-1.546017476351683,0.5229071819440797,-0.5995403689058837,0.5229071819440797,-0.6761735558676877
,38811,7.93,,2.42973037179326,1.9982897634663863,5.0924,1.9982897634663863,14,1.8254257580311897,0.5979383526926983,2.0749229504281903,0.5229071819440797,-0.5995403689058837,0.5229071819440797,-0.6761735558676877
,22913,7.93,,-0.28752738529814903,-0.7897445983543829,-1.3735,-0.7897445983543829,14,1.3695097015762216,0.620099886330717,-0.7131114113925789,0.5512504823457108,-0.6278836693075148,0.5512504823457108,-0.7045168562693188
,27535,7.94,,-0.3088766807757062,-0.07484878285519381,-1.218,-0.07484878285519381,14,1.3644855349816682,0.620099886330717,0.004988436532981311,0.5480464499193397,-0.6278836693075148,0.5480464499193397,-0.7077208886956899
GS4,27535,7.94,-0.26213191142014347,,,-1.218,-0.26213191142014347,14,1.3668811313824252,0.620099886330717,-0.18229469203196835,0.5480464499193397,-0.6278836693075148,0.5480464499193397,-0.7077208886956899
,29169,7.95,,0.02588683672060954,0.03433757673679638,-1.1656,0.03433757673679638,14,1.3202224403836769,0.620099886330717,0.11737882855134218,0.544842417492969,-0.6278836693075148,0.544842417492969,-0.7109249211220606
,17713,7.95,,0.8167736094310136,0.39868486774995304,-1.9119,0.39868486774995304,14,1.1690972861096889,0.620099886330717,0.48172611956449884,0.544842417492969,-0.6278836693075148,0.544842417492969,-0.7109249211220606
,15255,7.96,,-1.8168132765532896,-2.4800829059903284,-1.3974,-2.4800829059903284,15,1.206968412295855,0.620099886330717,-2.393837621749412,0.5416383850665983,-0.6278836693075148,0.5416383850665983,-0.7141289535484313
,27549,7.96,,-0.7159806367992041,-0.9134262991799553,-1.785,-0.9134262991799553,15,1.2155719617231138,0.6416180455149255,-0.8271810149390388,0.5732585308901424,-0.6595038151310589,0.5732585308901424,-0.7457490993719754
GS4,27549,7.96,0.413503569630199,,,-1.785,0.413503569630199,15,1.227133775087425,0.6416180455149255,0.4997488538711155,0.5732585308901424,-0.6595038151310589,0.5732585308901424,-0.7457490993719754
,15255,7.96,,0.6223941909445265,0.6918889418360699,-1.3974,0.6918889418360699,15,1.1732871171621457,0.662939316009757,0.7781342260769863,0.5815000804083967,-0.6677453646493132,0.5815000804083967,-0.7539906488902297
,34418,7.96,,1.8577636729392046,2.164315987345146,3.4961,2.164315987345146,15,1.206944145091,0.6875187007438481,2.2505612715860623,0.6101508394324537,-0.6963961236733702,0.6101508394324537,-0.7826414079142867
GS2,49771,7.97,2.5075341858720415,,,4.4179,2.5075341858720415,15,1.4230780947641781,0.6875187007438481,2.5969835025393286,0.6069468070060831,-0.6963961236733702,0.6069468070060831,-0.7858454403406574
,49771,7.97,,2.015553043768231,2.04118616029974,4.4179,2.04118616029974,15,1.5235186385967174,0.6875187007438481,2.130635476967027,0.6069468070060831,-0.6963961236733702,0.6069468070060831,-0.7858454403406574
,39972,7.99,,1.6190473288024156,1.7603461442244699,-0.4144,1.7603461442244699,15,1.5510591361603248,0.7037420931795414,1.8562035257444989,0.6234337907128701,-0.7192911722328991,0.6234337907128701,-0.815148553752928
,24491,7.99,,-2.1862681636718966,-2.0993998778721012,-1.3974,-2.0993998778721012,15,1.7772455315906592,0.7514289957250775,-2.0035424963520723,0.6559451980550738,-0.7518025795751028,0.6559451980550738,-0.8476599610951318
,38727,8.02,,0.4857754422251992,0.48305738377041707,-1.6345,0.48305738377041707,16,1.7771832735390793,0.739575844381606,0.5885268625695581,0.6401533399356416,-0.7456228187347826,0.6401533399356416,-0.8510922975339237
,16797,8.02,,1.6310214798563134,1.1429711537179426,-1.0685,1.1429711537179426,16,1.4513461965665337,0.739575844381606,1.2484406325170836,0.6401533399356416,-0.7456228187347826,0.6401533399356416,-0.8510922975339237
,34419,8.07,,0.7389718622645245,0.532916118065391,4.8552,0.532916118065391,16,1.3261654213173593,0.6875187007438481,0.6544057589963863,0.5749064827423749,-0.6963961236733702,0.5749064827423749,-0.8178857646043656
,30413,8.08,,-0.16745324758353775,0.009053841910819926,-1.1269,0.009053841910819926,16,1.3507534726584591,0.6414211568255485,0.13374751526818596,0.5423496241179079,-0.6670432974752739,0.5423496241179079,-0.7917369708326399
,26767,8.09,,0.9128589060447945,0.42608108001815537,-2.2202,0.42608108001815537,16,1.3584088298997803,0.5979383526926983,0.5539787858018921,0.4992838963497388,-0.6271816021334755,0.4992838963497388,-0.7550793079172122
,26767,8.09,,0.6356490969153563,0.9453480325632222,-2.2202,0.9453480325632222,16,1.284724697988675,0.5979383526926983,1.073245738346959,0.4992838963497388,-0.6271816021334755,0.4992838963497388,-0.7550793079172122
,26767,8.09,,0.8939203010107002,-0.44091610187642005,-2.2202,-0.44091610187642005,16,1.1766980718334352,0.5979383526926983,-0.31301839609268334,0.4992838963497388,-0.6271816021334755,0.4992838963497388,-0.7550793079172122
,26767,8.09,,0.616710491881262,0.44773232631457716,-2.2202,0.44773232631457716,16,1.0419852766042446,0.5979383526926983,0.5756300320983139,0.4992838963497388,-0.6271816021334755,0.4992838963497388,-0.7550793079172122
,37170,8.1,,-0.3886340132019128,-0.8128160773048989,6.8935,-0.8128160773048989,16,0.9615877481827222,0.6414211568255485,-0.6817143390947915,0.5359415592651665,-0.6670432974752739,0.5359415592651665,-0.7981450356853813
,36298,8.14,,0.5129047544170613,0.3359446532260899,6.8935,0.3359446532260899,17,0.5892869868386157,0.6414211568255485,0.4798625211416805,0.5231254295596833,-0.6670432974752739,0.5231254295596833,-0.8109611653908645
,20637,8.17,,2.138716680629352,1.9123243868053676,4.4321,1.9123243868053676,17,0.7794087176423007,0.6875187007438481,2.0658543520000703,0.5271676223297739,-0.6806975875244765,0.5271676223297739,-0.8342275527191791
,36009,8.18,,0.13927096374221182,0.5517810478337057,-0.545,0.5517810478337057,17,0.7425437104120377,0.6414211568255485,0.7085150454547791,0.5239635899034032,-0.6806975875244765,0.5239635899034032,-0.8374315851455498
,22761,8.19,,0.07012929385223166,0.028696815255563224,-0.9712,0.028696815255563224,17,0.7489090537987563,0.6414211568255485,0.18863484530300723,0.5207595574770325,-0.6806975875244765,0.5207595574770325,-0.8406356175719205
,44810,8.25,,-0.1354909189834017,-0.6516660945972901,6.7263,-0.6516660945972901,17,0.8081825263881245,0.6674072771244582,-0.4725038699916211,0.5015353629188075,-0.6806975875244765,0.5015353629188075,-0.8598598121301455
GS4,25632,8.26,0.22139781000110542,,,-1.3026,0.22139781000110542,17,0.8065001569757727,0.6256799742983803,0.4037640670331451,0.48467704044323423,-0.6670432974752739,0.48467704044323423,-0.8494095545073136
,25632,8.26,,-0.5627748015108289,-1.017605673922747,-1.3026,-1.017605673922747,17,0.85679178803273,0.6256799742983803,-0.8352394168907074,0.48569379201354923,-0.6680600490455889,0.48569379201354923,-0.8504263060776286
,30243,8.27,,-0.09950913840142228,-0.7648222050463424,-2.1323,-0.7648222050463424,17,0.8834355269832851,0.67177751821668,-0.579251915587932,0.48248975958717855,-0.6680600490455889,0.48248975958717855,-0.8536303385039993
,40984,8.27,,-1.3004175295189477,-1.7387449095060838,4.1086,-1.7387449095060838,17,1.0262430429345561,0.7283555734412062,-1.5531746200476735,0.5095444028163749,-0.6951146922747853,0.5095444028163749,-0.8806849817331956
,30243,8.27,,-0.1559431996833488,-0.5334012660484994,-2.1323,-0.5334012660484994,17,1.0112025165915863,0.7283555734412062,-0.347830976590089,0.5095444028163749,-0.6951146922747853,0.5095444028163749,-0.8806849817331956
,30243,8.27,,-0.10468438406706959,0.16450444297219569,-2.1323,0.16450444297219569,17,1.003175747494923,0.67177751821668,0.35007473243060605,0.48248975958717855,-0.6680600490455889,0.48248975958717855,-0.8536303385039993
,30243,8.27,,-0.1611184453489961,-1.0394637480918751,-2.1323,-1.0394637480918751,17,0.7095029261399499,0.7283555734412062,-0.8538934586334648,0.5095444028163749,-0.6951146922747853,0.5095444028163749,-0.8806849817331956
,36509,8.28,,-0.41685844631418956,-0.4874418184248368,6.8935,-0.4874418184248368,18,0.6112220812175146,0.7283555734412062,-0.29866749654005575,0.5063403703900042,-0.6951146922747853,0.5063403703900042,-0.8838890141595663
,20344,8.29,,0.46651137710054236,0.33296387979828246,-1.5244,0.33296387979828246,18,0.6512546786491092,0.67177751821668,0.5249422341094342,0.4760816947344372,-0.6680600490455889,0.4760816947344372,-0.8600384033567406
,33722,8.3,,0.034895038939244616,-0.142792088639619,-1.6676,-0.142792088639619,18,0.6623388041007381,0.67177751821668,0.052390298097903854,0.47287766230806605,-0.6680600490455889,0.47287766230806605,-0.8632424357831118
,33722,8.3,,0.08620183300946604,0.12246756340257758,-1.6676,0.12246756340257758,18,0.6509991991454195,0.6017235712154979,0.31764995014010045,0.42628392404544935,-0.6214663107829722,0.42628392404544935,-0.8166486975204951
,43700,8.32,,0.6300819047635762,0.6441944460260678,3.8209,0.6441944460260678,18,0.7160062076988227,0.5979877469298868,0.845784897616332,0.419875859192708,-0.6214663107829722,0.419875859192708,-0.8230567623732364
,43700,8.32,,0.5343180537080818,0.2771721773558631,3.8209,0.2771721773558631,18,0.7237787230383355,0.5425911569411026,0.4787626289461273,0.38229893748848087,-0.5838893890787451,0.38229893748848087,-0.7854798406690093
,43700,8.32,,0.7572377774518677,0.013497919148965476,3.8209,0.013497919148965476,18,0.49731276350612347,0.5425911569411026,0.2150883707392297,0.38229893748848087,-0.5838893890787451,0.38229893748848087,-0.7854798406690093
,43700,8.32,,0.6614739263963805,0.9178251910137454,3.8209,0.9178251910137454,18,0.553907914053769,0.5979877469298868,1.1194156426040096,0.419875859192708,-0.6214663107829722,0.419875859192708,-0.8230567623732364
,34077,8.33,,-0.5488134876063064,-0.9425479469295261,-0.5276,-0.9425479469295261,19,0.6392600653867683,0.5979877469298868,-0.7377534629128912,0.4166718267663373,-0.6214663107829722,0.4166718267663373,-0.8262607947996071
,32290,8.33,,2.32718024546447,2.1025428599936418,-0.0253,2.1025428599936418,19,0.8314628416626998,0.5979877469298868,2.3073373440102767,0.4166718267663373,-0.6214663107829722,0.4166718267663373,-0.8262607947996071
GN3,34077,8.33,0.44510466110994074,,,-0.5276,0.44510466110994074,19,0.7864291339949784,0.5425911569411026,0.6498991451265757,0.41441851983143196,-0.6192130038480669,0.41441851983143196,-0.8240074878647018
,36521,8.33,,-0.6057443596987662,-0.28985537074320233,-1.5244,-0.28985537074320233,19,0.814470309445275,0.5425911569411026,-0.08506088672656742,0.41441851983143196,-0.6192130038480669,0.41441851983143196,-0.8240074878647018
,34077,8.33,,-0.19780029190666326,-0.10151161813627496,-0.5276,-0.10151161813627496,19,0.8119944324884087,0.5425911569411026,0.10328286588035995,0.41441851983143196,-0.6192130038480669,0.41441851983143196,-0.8240074878647018
ERSPRIME,44465,8.35,0.49721038061127254,,,-0.7613,0.49721038061127254,19,0.8105682883342834,0.5331586920569451,0.7084129294806493,0.40801045497869015,-0.6192130038480669,0.40801045497869015,-0.8304155527174436
,24005,8.36,,0.013262381484662189,0.27476183636997265,-1.0254,0.27476183636997265,19,0.8043874490158558,0.5150632493383318,0.48916841766572006,0.3694828077829977,-0.5838893890787451,0.3694828077829977,-0.7982959703744925
,38240,8.38,,0.27772856915173405,0.1965231948254461,-0.8297,0.1965231948254461,19,0.8052619197794599,0.49232609951805467,0.41733784097393534,0.35662632769463376,-0.577440973843123,0.35662632769463376,-0.7982556199916122
,40457,8.4,,1.3802636640504944,0.8632607166014581,2.5011,0.8632607166014581,19,0.8151136284149867,0.5150632493383318,1.0904834276026887,0.3566666780775145,-0.5838893890787451,0.3566666780775145,-0.8111121000799757
,40457,8.4,,1.4030763990489832,1.0396571168372248,2.5011,1.0396571168372248,19,0.8246292061981942,0.5331586920569451,1.2668798278384554,0.3919902928468363,-0.6192130038480669,0.3919902928468363,-0.8464357148492975
,42593,8.42,,0.0178222659898708,-0.07953312985656424,-1.108,-0.07953312985656424,20,0.7038356107105458,0.5331586920569451,0.15409764599740772,0.3855822279940949,-0.6192130038480669,0.3855822279940949,-0.8528437797020388
GS3,42593,8.42,0.4559709010604607,,,-1.108,0.4559709010604607,20,0.42217225015111987,0.5331586920569451,0.6896016769144326,0.418521676207509,-0.652152452061481,0.418521676207509,-0.8857832279154529
,29861,8.42,,-0.07629712850722975,-0.18923613860157368,-1.7452,-0.18923613860157368,20,0.4497387504357058,0.5150632493383318,0.044394637252398284,0.3855822279940949,-0.6192130038480669,0.3855822279940949,-0.8528437797020388
,42593,8.42,,-0.011954220834333285,-0.1357566809724915,-1.108,-0.1357566809724915,20,0.4307899348426451,0.49232609951805467,0.09787409488148047,0.35025861322477314,-0.5838893890787451,0.35025861322477314,-0.8175201649327171
,42593,8.42,,-0.020619846896934746,0.08065063782073167,-1.108,0.08065063782073167,20,0.4163749309545094,0.49232609951805467,0.31428141367470364,0.35025861322477314,-0.5838893890787451,0.35025861322477314,-0.8175201649327171
,42593,8.42,,0.009156639927269339,-0.3636570887337598,-1.108,-0.3636570887337598,20,0.4580582682128546,0.48524960109762694,-0.13002631287978783,0.343810197989151,-0.577440973843123,0.343810197989151,-0.811071749697095
,21946,8.44,,0.01961261076239207,-0.2700572090718599,-1.3735,-0.2700572090718599,20,0.4818460806109302,0.4695141424154389,-0.030018368365146597,0.32476556824338965,-0.564804408950103,0.32476556824338965,-0.8048432496568163
GS3,35433,8.45,0.2714023983888133,,,-1.9494,0.2714023983888133,20,0.48306076018620797,0.4518516136875189,0.5146452715218973,0.29621763682257907,-0.5394605099556631,0.29621763682257907,-0.7827033830887471
,35433,8.45,,0.10450597948947904,-0.12341702496105211,-1.9494,-0.12341702496105211,20,0.42201529135488947,0.44641849371225895,0.1198258481720319,0.27655087968258174,-0.5197937528156658,0.27655087968258174,-0.7630366259487498
,19019,8.45,,-0.17419251778451206,0.2324222928737354,0.1878,0.2324222928737354,20,0.2628051682507178,0.4430103814931804,0.4756651660068194,0.2586639714607246,-0.5019068445938086,0.2586639714607246,-0.7451497177268926
,15930,8.46,,-0.06061033188970033,-0.10528533378104943,-1.7124,-0.10528533378104943,21,0.26366390285170277,0.4334985909472877,0.14116157177840616,0.23806856384424468,-0.48451546940370027,0.23806856384424468,-0.7309623749631559
,37937,8.46,,-0.8326889090710801,-1.0796611817678745,0.2911,-1.0796611817678745,21,0.3804199146732726,0.4334985909472877,-0.8332142762084189,0.23806856384424468,-0.48451546940370027,0.23806856384424468,-0.7309623749631559
GN3,34368,8.47,0.13572032781105758,,,-1.94,0.13572032781105758,21,0.3921277952873715,0.3948690843759576,0.38537126579688386,0.22966163705807763,-0.4793125750439039,0.22966163705807763,-0.7289635130297302
,34368,8.47,,-0.4823345765071564,-0.566036999256596,-1.94,-0.566036999256596,21,0.41506340975215394,0.3948690843759576,-0.31638606127076974,0.2275629594906471,-0.47721389747647336,0.2275629594906471,-0.7268648354622996
,35205,8.48,,-0.6359028865878361,-0.7620762230079453,-0.4053,-0.7620762230079453,21,0.4412595597230858,0.4334985909472877,-0.5092212525957484,0.22645760463170694,-0.4793125750439039,0.22645760463170694,-0.7321675454561009
,36971,8.49,,-0.13410226234921685,-1.0820762208172288,-1.2726,-1.0820762208172288,21,0.5122324306155625,0.4430103814931804,-0.8260172179786611,0.22325357220533626,-0.4793125750439039,0.22325357220533626,-0.7353715778824715
,22252,8.51,,0.08559067995860636,-0.9831323578495132,-1.4106,-0.9831323578495132,21,0.5504121947820184,0.4430103814931804,-0.7206652901582042,0.2168455073525949,-0.4793125750439039,0.2168455073525949,-0.7417796427352129
ERSPRIME,39634,8.54,0.5971975836509484,,,-1.8074,0.5971975836509484,21,0.6021848046953204,0.44641849371225895,0.8692767486213695,0.2124363044332792,-0.48451546940370027,0.2124363044332792,-0.7565946343741213
,18761,8.6,,-0.3853382531437672,-0.4173730658598513,-0.7613,-0.4173730658598513,22,0.5957536874435602,0.43123886348489604,-0.12606970633120568,0.1880092155152583,-0.4793125750439039,0.1880092155152583,-0.7706159345725495
,35952,8.61,,0.26585410838256207,0.39927608084897726,-2.1836,0.39927608084897726,22,0.6174691675997432,0.4083245733544143,0.6937834728039936,0.1848051830888876,-0.4793125750439039,0.1848051830888876,-0.7738199669989202
,35952,8.61,,-0.1024539841560359,-0.4018738190599156,-2.1836,-0.4018738190599156,22,0.6095411613601597,0.40962344245988347,-0.1073664271048993,0.18270650552145706,-0.47721389747647336,0.18270650552145706,-0.7717212894314897
,35952,8.61,,-0.02876787815909454,-0.10231548053096207,-2.1836,-0.10231548053096207,22,0.5682626750448923,0.4005749499544464,0.19219191142405423,0.17957712604420395,-0.47408451799922025,0.17957712604420395,-0.7685919099542365
,35952,8.61,,0.1921680023856136,-0.23910880344805507,-2.1836,-0.23910880344805507,22,0.5469524188914602,0.3814665847913685,0.05539858850696122,0.15041346352776191,-0.4449208554827782,0.15041346352776191,-0.7394282474377945
GN1,37683,8.61,-0.30106461834700865,,,-1.0059,-0.30106461834700865,22,0.5420293547301384,0.3814665847913685,-0.006557226391992355,0.15041346352776191,-0.4449208554827782,0.15041346352776191,-0.7394282474377945
,37683,8.61,,-0.7572163999225652,-0.6716098926311347,-1.0059,-0.6716098926311347,22,0.5347082883409371,0.3814665847913685,-0.3771025006761184,0.11604356204852395,-0.41055095400354025,0.11604356204852395,-0.7050583459585565
,20766,8.62,,0.059910902239539654,-0.09802956030296595,-0.6155,-0.09802956030296595,22,0.46491361081219235,0.3814665847913685,0.19968186407842103,0.10364312900402262,-0.4013545533854096,0.10364312900402262,-0.6990659777667966
,20766,8.62,,0.1889197498599089,-0.8498840844435136,-0.6155,-0.8498840844435136,22,0.4420143338259893,0.3814665847913685,-0.5521726600621266,0.10364312900402262,-0.4013545533854096,0.10364312900402262,-0.6990659777667966
,27267,8.62,,0.5711712698722193,-0.647342996037044,4.1086,-0.647342996037044,22,0.35699203945751334,0.3814665847913685,-0.34963157165565706,0.08352545885511414,-0.3812368832365011,0.08352545885511414,-0.6789483076178882
GS3,37720,8.63,0.05642980346852139,,,-0.849,0.05642980346852139,23,0.37550171502948493,0.3483104842660211,0.35734526027627994,0.06630842366844059,-0.36722388047619914,0.06630842366844059,-0.6681393372839577
,37720,8.63,,-0.6764902994500128,-0.2900327897729122,-0.849,-0.2900327897729122,23,0.2891614855435692,0.3170142490726455,0.01088266703484636,0.06630842366844059,-0.36722388047619914,0.06630842366844059,-0.6681393372839577
GN3,33511,8.63,0.4437056549944942,,,-1.079,0.4437056549944942,23,0.3823739350773571,0.3483104842660211,0.7446211118022528,0.08032142642874257,-0.3812368832365011,0.08032142642874257,-0.6821523400442597
,33511,8.63,,-0.10683297053265894,-0.8292942008112063,-1.079,-0.8292942008112063,23,0.41470728358780756,0.3483104842660211,-0.5283787440034478,0.08032142642874257,-0.3812368832365011,0.08032142642874257,-0.6821523400442597
,33511,8.63,,-0.1222382261173407,0.18599880582175965,-1.079,0.18599880582175965,23,0.447026407715931,0.3170142490726455,0.4869142626295182,0.10043909657765104,-0.4013545533854096,0.10043909657765104,-0.7022700101931681
,21890,8.68,,0.019429167997443958,-0.23906150567328424,-1.4106,-0.23906150567328424,23,0.44744153530275227,0.2955487040599604,0.07787411326632773,0.06430126429688915,-0.3812368832365011,0.06430126429688915,-0.6981725021761132
,45518,8.68,,-0.3879987121103681,-0.5729191156772031,-1.0753,-0.5729191156772031,23,0.43919758250308977,0.33236085354038425,-0.25598349673759113,0.06430126429688915,-0.3812368832365011,0.06430126429688915,-0.6981725021761132
,45518,8.68,,-0.3263191420494294,-0.40077176920037655,-1.0753,-0.40077176920037655,23,0.43536829495850365,0.3814665847913685,-0.08383615026076457,0.06430126429688915,-0.3812368832365011,0.06430126429688915,-0.6981725021761132
GS2,45518,8.68,0.2745379572433663,,,-1.0753,0.2745379572433663,23,0.42679633841873216,0.33236085354038425,0.5914735761829784,0.06430126429688915,-0.3812368832365011,0.06430126429688915,-0.6981725021761132
,37555,8.73,,-0.12696426480190126,-0.6460532395855577,-1.3735,-0.6460532395855577,24,0.4266469314589154,0.3814665847913685,-0.3130974585140919,0.0342680994047333,-0.36722388047619914,0.0342680994047333,-0.700179661547665
,37555,8.73,,0.15137192540771338,-0.19135431155450788,-1.3735,-0.19135431155450788,24,0.41707472848312155,0.3814665847913685,0.14160146951695796,0.0342680994047333,-0.36722388047619914,0.0342680994047333,-0.700179661547665
,37555,8.73,,0.09969094704931536,-0.18903281621716672,-1.3735,-0.18903281621716672,24,0.4165885495382899,0.33236085354038425,0.14392296485429912,0.020532634894502633,-0.35348841596596847,0.020532634894502633,-0.6864441970374343
,37555,8.73,,-0.07528328644351034,0.05038212282394483,-1.3735,0.05038212282394483,24,0.3623776153476385,0.2955487040599604,0.38333790389541067,0.020532634894502633,-0.35348841596596847,0.020532634894502633,-0.6864441970374343
,21693,8.75,,1.1678307412094229,1.1629299967897795,-1.707,1.1629299967897795,24,0.5237354300142477,0.2955487040599604,1.5022938427139871,0.01412457004176082,-0.35348841596596847,0.01412457004176082,-0.6928522618901761
,21693,8.75,,1.1846914892038016,0.7146630473442543,-1.707,0.7146630473442543,24,0.5751003537079586,0.2955487040599604,1.054026893268462,0.01412457004176082,-0.35348841596596847,0.01412457004176082,-0.6928522618901761
GS4,27438,8.75,0.7211161039396988,,,-1.062,0.7211161039396988,24,0.6104981091775397,0.33236085354038425,1.0604799498639066,0.027860034551991486,-0.36722388047619914,0.027860034551991486,-0.7065877264004068
,27438,8.75,,-0.05639782414120831,0.013640493208653903,-1.062,0.013640493208653903,24,0.566036775595825,0.33236085354038425,0.35300433913286156,0.027860034551991486,-0.36722388047619914,0.027860034551991486,-0.7065877264004068
,21693,8.75,,1.708537577195864,1.1177442164846114,-1.707,1.1177442164846114,24,0.6039788819154606,0.33236085354038425,1.457108062408819,0.027860034551991486,-0.36722388047619914,0.027860034551991486,-0.7065877264004068
,21693,8.75,,1.6916768292014852,0.8860084525326941,-1.707,0.8860084525326941,24,0.6311354849526519,0.3814665847913685,1.2253722984569018,0.027860034551991486,-0.36722388047619914,0.027860034551991486,-0.7065877264004068
GN2,21693,8.75,1.4129491960442182,,,-1.707,1.4129491960442182,24,0.600102548929514,0.4000239250246769,1.7523130419684259,0.027860034551991486,-0.36722388047619914,0.027860034551991486,-0.7065877264004068
,43071,8.78,,0.7690522160694555,0.7692110895163693,3.8907,0.7692110895163693,25,0.5384181444162016,0.4000239250246769,1.118187032719689,0.018247937272879433,-0.36722388047619914,0.018247937272879433,-0.7161998236795188
,43071,8.78,,0.6710389454841716,-0.38591086206385805,3.8907,-0.38591086206385805,25,0.5754795923573971,0.39259347145641765,-0.036934918860538346,0.006198856501251071,-0.3551747997045708,0.006198856501251071,-0.7041507429078905
,43071,8.78,,0.6778010247770196,0.5964264244211477,3.8907,0.5964264244211477,25,0.5372949464644391,0.4000239250246769,0.9454023676244674,0.018247937272879433,-0.36722388047619914,0.018247937272879433,-0.7161998236795188
,36968,8.78,,0.11022507359342615,0.4801091542553805,-1.872,0.4801091542553805,25,0.5149751762257396,0.4000239250246769,0.8290850974587002,0.018247937272879433,-0.36722388047619914,0.018247937272879433,-0.7161998236795188
GS5,43071,8.78,1.3930361936391562,,,3.8907,1.3930361936391562,25,0.5688497681611574,0.40132279413014604,1.742012136842476,0.031244259082444825,-0.38022020228576453,0.031244259082444825,-0.7291961454890843
,43071,8.78,,0.7622901367766075,0.3433205585645296,3.8907,0.3433205585645296,25,0.5797642357189079,0.40132279413014604,0.6922965017678493,0.03537864164282756,-0.38435458484614726,0.03537864164282756,-0.733330528049467
,20457,8.82,,-0.31221045880440257,-0.3030083419812628,4.7683,-0.3030083419812628,25,0.6259568122729869,0.40132279413014604,0.05878373092754008,0.022562511937344376,-0.38435458484614726,0.022562511937344376,-0.7461466577549501
,20457,8.82,,-0.22536520537342297,-0.5894838379693839,4.7683,-0.5894838379693839,25,0.7061284573054271,0.40962344245988347,-0.22769176506058098,0.022562511937344376,-0.38435458484614726,0.022562511937344376,-0.7461466577549501
,31995,8.84,,-0.3167671418101325,-1.1460737199985336,-0.7745,-1.1460737199985336,25,0.848114945474641,0.4305393604271728,-0.7778735822369893,0.062318078140307376,-0.43051821590185163,0.062318078140307376,-0.7987183536633959
,31995,8.84,,-0.3286205475565755,-0.6986786311354014,-0.7745,-0.6986786311354014,25,0.7891725440686115,0.46190740462493735,-0.33047849337385715,0.016154447084603007,-0.38435458484614726,0.016154447084603007,-0.7525547226076915
,31995,8.84,,-0.45435166109290787,-0.39327522658334896,-0.7745,-0.39327522658334896,25,0.755695864690891,0.46190740462493735,-0.025075088821804703,0.016154447084603007,-0.38435458484614726,0.016154447084603007,-0.7525547226076915
,31995,8.84,,-0.466205066839358,-0.9490059549891687,-0.7745,-0.9490059549891687,25,0.8014176237108508,0.5230730767559882,-0.5808058172276245,0.016154447084603007,-0.38435458484614726,0.016154447084603007,-0.7525547226076915
GN4,24611,8.91,0.03937537410735012,,,-1.4197,0.03937537410735012,26,0.7640616125742147,0.5230730767559882,0.4300037388534901,0.017059137579047035,-0.40768750232518697,0.017059137579047035,-0.7983158670713268
,24611,8.91,,-0.3476885848960345,-0.21184528283053175,-1.4197,-0.21184528283053175,26,0.7278754130967665,0.46190740462493735,0.17878308191560818,-0.006273779899992671,-0.38435458484614726,-0.006273779899992671,-0.7749829495922872
,18157,8.96,,-0.5431325769858717,-0.8784855740270274,-1.2265,-0.8784855740270274,26,0.46434707034232936,0.5230730767559882,-0.47183704714903363,2.229449645657633e-05,-0.4066708213744504,2.229449645657633e-05,-0.8133193482524441
GN2,18157,8.96,-0.16474759198722505,,,-1.2265,-0.16474759198722505,26,0.3855130036660508,0.46190740462493735,0.24190093489076875,2.229449645657633e-05,-0.4066708213744504,2.229449645657633e-05,-0.8133193482524441
,19340,8.98,,-1.1457107348852895,-2.257988443876142,-1.5525,-2.257988443876142,26,0.6575773835814652,0.46190740462493735,-1.844931852145407,-0.006385770356284792,-0.4066708213744504,-0.006385770356284792,-0.8197274131051855
GS3,41882,8.98,0.2204306805274336,,,-0.3389,0.2204306805274336,26,0.722771238118191,0.4305393604271728,0.6334872722581688,-0.006385770356284792,-0.4066708213744504,-0.006385770356284792,-0.8197274131051855
,41882,8.98,,-0.3469149564021044,-0.640712624173718,-0.3389,-0.640712624173718,26,0.7011108582002581,0.4305393604271728,-0.22765603244298283,-0.03283638944497064,-0.38022020228576453,-0.03283638944497064,-0.7932767940164998
,26639,9.02,,-0.7494801340375342,-2.152111453058965,-0.8741,-2.152111453058965,27,0.858356811058955,0.4305393604271728,-1.7262387316227472,-0.045652519150453374,-0.38022020228576453,-0.045652519150453374,-0.8060929237219825
GS4,26639,9.02,0.08289395716737757,,,-0.8741,0.08289395716737757,27,0.8921971930563486,0.4227897370272049,0.5087666786035955,-0.01920190006176753,-0.4066708213744504,-0.01920190006176753,-0.8325435428106682
GN2,19221,9.05,-0.2799779097636126,,,-1.1823,-0.2799779097636126,27,0.8957956534278482,0.4227897370272049,0.15550690895171826,-0.055264616429566316,-0.38022020228576453,-0.055264616429566316,-0.8157050210010954
,19221,9.05,,-1.241074727013288,-3.285615439447806,-1.1823,-3.285615439447806,27,1.1906354443682066,0.46190740462493735,-2.8501306207324753,-0.02881399734088047,-0.4066708213744504,-0.02881399734088047,-0.8421556400897812
,20355,9.21,,-2.810757791719225,-2.745730542091116,-0.6542,-2.745730542091116,27,1.2806982224401287,0.5265141349662918,-2.258981204553853,-0.03582894453600127,-0.45092039300126185,-0.03582894453600127,-0.937669730538525
GN3,34157,9.23,0.6783853004866883,,,-1.6969,0.6783853004866883,27,1.4132720391920943,0.5812014768232935,1.171542702876693,-0.01378174750072858,-0.4793756548892759,-0.01378174750072858,-0.9725330572792804
,34157,9.23,,-0.2044929839452082,-1.586032837903325,-1.6969,-1.586032837903325,27,1.3850332473542344,0.5929551311952658,-1.0928754355133206,0.004683068226552345,-0.49784047061655684,0.004683068226552345,-0.9909978730065614
,34157,9.23,,-0.34362240670517974,0.01663161964364678,-1.6969,0.01663161964364678,27,1.378125083396557,0.5812014768232935,0.5097890220336513,0.016120447928618886,-0.5092778503186234,0.016120447928618886,-1.002435252708628
,40859,9.27,,-0.530942795475802,-1.034693895085894,0.2579,-1.034693895085894,27,1.3133770545258336,0.5929551311952658,-0.5287203629904067,0.013110350923062342,-0.5190838830185496,0.013110350923062342,-1.0250574151140368
,19745,9.29,,-0.8324187107945028,-1.0981370066216163,-1.2078,-1.0981370066216163,28,1.3037390870863115,0.5929551311952658,-0.5857554096733877,0.006702286070320973,-0.5190838830185496,0.006702286070320973,-1.0314654799667782
,17963,9.32,,-2.5956187731641847,-2.488959067085689,-1.7001,-2.488959067085689,28,1.3367165066822928,0.5929551311952658,-1.9669653728583474,0.006555859269585684,-0.5285495534969272,0.006555859269585684,-1.0505432477242689
,17963,9.32,,-2.147926702731128,-2.57312085482898,-1.7001,-2.57312085482898,28,1.3229998731928119,0.6185695242974328,-2.0511271606016384,0.032769395881674046,-0.5547630901090156,0.032769395881674046,-1.0767567843363572
,17963,9.32,,-2.664867596044546,-3.02788217089723,-1.7001,-3.02788217089723,28,1.3406088888519656,0.6433829318796378,-2.5058884766698886,0.06128691922316454,-0.5832806134505061,0.06128691922316454,-1.1052743076778477
,17963,9.32,,-2.078677879850767,-3.2066920769816263,-1.7001,-3.2066920769816263,28,1.3305263270011978,0.662219270036123,-2.6846983827542847,0.06128691922316454,-0.5832806134505061,0.06128691922316454,-1.1052743076778477
,33397,9.34,,-0.4481973081074716,-0.37352262618773324,-0.4611,-0.37352262618773324,28,1.3361378243585038,0.6433829318796378,0.15487913289234967,0.05487885437042317,-0.5832806134505061,0.05487885437042317,-1.111682372530589
,33397,9.34,,-0.16459428895494913,-0.7913437587047599,-0.4611,-0.7913437587047599,28,1.1400847847661137,0.662219270036123,-0.262941999624677,0.05487885437042317,-0.5832806134505061,0.05487885437042317,-1.111682372530589
GN3,33397,9.34,0.06055117327091151,,,-0.4611,0.06055117327091151,28,1.2577836584034043,0.662219270036123,0.5889529323509944,0.058952411932108095,-0.587354171012191,0.058952411932108095,-1.115755930092274
,33397,9.34,,-0.15872322205638514,-0.35413744411416304,-0.4611,-0.35413744411416304,28,1.2144072136027317,0.662219270036123,0.17426431496591988,0.058952411932108095,-0.587354171012191,0.058952411932108095,-1.115755930092274
,33397,9.34,,-0.4423262412089076,-0.2896657780531885,-0.4611,-0.2896657780531885,28,1.2670726754245634,0.662219270036123,0.23873598102689442,0.058952411932108095,-0.587354171012191,0.058952411932108095,-1.115755930092274
,30082,9.36,,-0.3292299460769553,-0.7477166415710795,-0.8667,-0.7477166415710795,29,1.2815505816744537,0.6885319658110449,-0.21290681763825525,0.0484707895176818,-0.5832806134505061,0.0484707895176818,-1.1180904373833305
,15610,9.43,,-0.8033059960566455,-0.454735031197965,-1.2266,-0.454735031197965,29,1.2468096903745194,0.6885319658110449,0.10250301971945497,0.026042562533086122,-0.5832806134505061,0.026042562533086122,-1.1405186643679261
GN2,15610,9.43,-0.006275088026330283,,,-1.2266,-0.006275088026330283,29,1.1901147944488502,0.6885319658110449,0.5509629628910897,0.026042562533086122,-0.5832806134505061,0.026042562533086122,-1.1405186643679261
,36001,9.74,,-2.239880264205954,-2.231341950019011,4.4998,-2.231341950019011,29,1.0519291745804045,0.7066708392398279,-1.5747788938840972,-0.06920888512272283,-0.587354171012191,-0.06920888512272283,-1.2439172271471048
,27888,9.75,,-1.3977622040588908,-2.211667417233583,-0.4753,-2.211667417233583,29,0.8259142102168197,0.7178895756419765,-1.5519003286722985,-0.04854698625670295,-0.6112201023045816,-0.04854698625670295,-1.270987190865866
GN3,34456,10.01,0.23443806551990937,,,0.2181,0.23443806551990937,29,0.8767017177629834,0.7066708392398279,0.977509997166834,-0.13185182934234296,-0.6112201023045816,-0.13185182934234296,-1.354292033951506
,34456,10.01,,-0.706973433431366,-0.7817916675429197,0.2181,-0.7817916675429197,29,0.8765711366197081,0.7098973675375502,-0.0387197358959952,-0.15571776063473353,-0.587354171012191,-0.15571776063473353,-1.3304261026591155
,26823,10.12,,0.9762369519779819,-0.27351062117343533,-0.8319,-0.27351062117343533,29,0.8512885822229873,0.6885319658110449,0.5048056671635677,-0.19503567488649687,-0.5832806134505061,-0.19503567488649687,-1.3615969017875091
,26823,10.12,,0.9764416398154845,1.3060827567851883,-0.8319,1.3060827567851883,29,1.0640590717089797,0.7231976363532404,2.084399045122191,-0.19096211732481194,-0.587354171012191,-0.19096211732481194,-1.365670459349194
,26823,10.12,,0.9763492593037535,1.1912648152091743,-0.8319,1.1912648152091743,29,1.1982362595503229,0.7231976363532404,1.9695811035461772,-0.19096211732481194,-0.587354171012191,-0.19096211732481194,-1.365670459349194
,26823,10.12,,0.97632933248972,0.596213118680958,-0.8319,0.596213118680958,29,1.2295526961269707,0.6885319658110449,1.374529407017961,-0.19096211732481194,-0.587354171012191,-0.19096211732481194,-1.365670459349194
,33015,10.18,,0.14055853986994205,0.23582837318976768,-1.5153,0.23582837318976768,30,1.2369658605206038,0.6595489623302031,1.0333688560849952,-0.2101863118830365,-0.587354171012191,-0.2101863118830365,-1.3848946539074185
,19146,10.38,,-0.6351699425489603,-0.38148415980673644,0.0005,-0.38148415980673644,30,1.236326788013186,0.6185695242974328,0.48013697161590696,-0.2783405179721373,-0.5832806134505061,-0.2783405179721373,-1.4449017448731496
,44959,10.42,,-1.305713705311845,-1.5194303388805748,1.9181,-1.5194303388805748,30,1.1237530463780065,0.6595489623302031,-0.6449930777524486,-0.28708309011593514,-0.587354171012191,-0.28708309011593514,-1.4617914321403171
,44959,10.42,,-4.012743957024433,-4.486821933876641,1.9181,-4.486821933876641,30,1.6785561963139528,0.6885319658110449,-3.6123846727485147,-0.28708309011593514,-0.587354171012191,-0.28708309011593514,-1.4617914321403171
,44959,10.42,,-1.230849925764282,-1.0642191382832846,1.9181,-1.0642191382832846,30,1.6752895284199567,0.7231976363532404,-0.18978187715515848,-0.29115664767762006,-0.5832806134505061,-0.29115664767762006,-1.4577178745786323
,44959,10.42,,-3.93788017747687,-3.699536780809616,1.9181,-3.699536780809616,30,1.9568076407951758,0.7231976363532404,-2.8250995196814896,-0.29115664767762006,-0.5832806134505061,-0.29115664767762006,-1.4577178745786323
,42866,10.86,,-3.604192947255137,-3.579726893500223,4.8552,-3.579726893500223,30,2.1279939736710958,0.7647541545569996,-2.5643122056117833,-0.4321340744379337,-0.5832806134505061,-0.4321340744379337,-1.598695301338946
,43401,11.25,,-3.458944781748191,-3.727309027811476,6.2783,-3.727309027811476,30,2.079816408312069,0.7865677131238398,-2.586937075294576,-0.553017781504709,-0.587354171012191,-0.553017781504709,-1.727726123529091
