FIELD,ID,td_lmass,PAB_SFR_EX2,PAB_SFR_EX2_LIMIT,PAB_SFR_EX2_LIMIT_RAND,ir_UV_beta,PAB_SFR_EXCESS_LIMIT_RAND,MASS_BINS,ROLL_STD,ROLL_MAD,EXCESS_DIS_FIT,ROLL_MAD_FIT,ROLL_MAD_FIT_R,ROLL_MAD_FIT_TOP,ROLL_MAD_FIT_BOT,EXCESS_DIS_FIT_BETA_NEG
,41139,4.03,,-4.682493632155546,-4.411095684339895,-1.1609,-4.411095684339895,0,,4.411095684339895,-5.584035143662692,6.756974602985488,-5.584035143662692,2.107399255402864,-4.411095684339895,-3.25924746987138
,26881,6.13,,0.3565522850183047,-0.19086475560756888,-2.2259,-0.19086475560756888,0,,2.300980219973732,-0.6909574053925034,1.1561778348311798,-0.6560851850462452,1.1652537381610792,-2.641004214044384,0.5470104823340836
,33042,6.15,,-4.184665017250952,-5.300211991875601,-1.0644,-5.300211991875601,0,,4.411095684339895,-5.793896576807794,1.184641990324696,-0.6909574053925034,2.525314831706174,-3.9931801080365856,-4.566279353710395
,44048,6.33,,1.0936334202413973,0.8934025152626588,-1.8955,0.8934025152626588,0,,2.652249099801277,0.45739051400513997,1.092097186303764,-0.6560851850462452,1.7271003724784246,-3.1239988528328033,1.5918517554398481
,40131,6.34,,2.2257493087122278,1.92721489626231,-2.0154,1.92721489626231,0,,1.92721489626231,1.4944069274311618,1.1237653742236515,-0.6909574053925034,1.9272148962623101,-3.320170776840243,2.6236928365512764
,42937,6.41,,-0.8841504730996439,-1.040658396882697,-2.123,-1.040658396882697,0,,1.4839366465725035,-1.45103813872925,1.4813775139074297,-1.0709977720608768,1.425093454924158,-2.790451137066966,-0.35797955581129304
,42937,6.41,,0.8153364571715125,0.5945835064668694,-2.123,0.5945835064668694,0,,1.040658396882697,0.1842037646203165,1.1013371472390563,-0.6909574053925034,0.9091729143684442,-2.2745305965112523,1.2772623475382734
,42937,6.41,,0.7791648670180402,0.6218976256318038,-2.123,0.6218976256318038,0,2.3512406711389806,0.9670304560726779,0.21151788378525094,1.0664649268927981,-0.6560851850462452,0.7655352700001241,-2.130892952142932,1.3045764667032078
,42937,6.41,,-0.9203220632531162,-1.287851288398115,-2.123,-1.287851288398115,0,1.973638320514313,1.040658396882697,-1.698231030244668,1.1013371472390563,-0.6909574053925034,0.6218976256318038,-1.9872553077746118,-0.605172447326711
,38861,6.5,,-0.10421914665039411,-0.6277834408100209,-1.3277,-0.6277834408100209,1,1.9693764987972109,0.9670304560726779,-1.0093268908192368,1.231685598115086,-0.8501421481058702,0.6259822650433449,-1.9558565491981363,0.03715370126737483
,38414,6.58,,-0.4696119352991044,-0.4212141331165551,-1.1793,-0.4212141331165551,1,1.9539142220418826,0.8934025152626588,-0.7771253237148046,1.133036514313054,-0.7771253237148046,0.628095604566663,-1.9264290905098838,0.22795260985505528
,27353,6.68,,0.4278004903317254,-0.07293426816170401,-1.1503,-0.07293426816170401,1,1.2599869711909453,0.7605929780363399,-0.3968051344962462,1.2170969736015629,-0.8932261072670207,0.3117636533431134,-1.570671141521871,0.5565194759276748
,22082,6.72,,-2.2323893179273724,-3.5514142410394967,-1.0644,-3.5514142410394967,1,1.6337936210472501,0.8934025152626588,-3.8624689776685557,1.3203816274482958,-1.0093268908192368,0.6556938030017871,-1.8988308920747596,-2.92984569650301
,32567,6.77,,-2.0734921282425276,-1.9052383045912722,-1.6508,-1.9052383045912722,1,2.065187089201783,0.9670304560726779,-2.2002728790884776,1.5537844755651966,-1.2587499010679915,0.673682258421717,-1.8971063486124582,-1.2935262594959016
,37966,6.77,,-0.636948594787497,-0.897418527029216,-1.7501,-0.897418527029216,1,2.039812213409471,0.897418527029216,-1.192453101526421,1.4874876760236262,-1.192453101526421,0.6655503024429028,-1.888974392633644,-0.2857064819338454
,21327,6.79,,-4.322734030410581,-5.012661323361586,-1.0728,-5.012661323361586,2,2.6114090098183276,0.9690384619559564,-5.301287833006049,1.6103721297722988,-1.3217456201278355,0.6776248581981634,-1.8931637488360118,-4.404891878042662
,37724,6.95,,-3.9761090403722434,-4.109889853796737,-1.495,-4.109889853796737,3,2.5059605998862082,1.040658396882697,-4.347251844619269,1.356448355959086,-1.119086365136555,0.717297612388548,-1.8697549066032553,-3.5336612066893833
,16080,7.04,,1.305633778059509,1.681188152592782,-0.4144,1.681188152592782,3,2.545005287589478,1.164254842640406,1.4726624536075876,1.3802367658515715,-1.171711066866377,0.7405644149862096,-1.8575383112129,2.239675100706127
,16039,7.06,,1.5513422230092098,1.976133963850304,-1.7874,1.976133963850304,3,1.817149709028065,1.287851288398115,1.7740163297178513,1.3841997183288517,-1.182082084196399,0.7500321183663088,-1.8591208150401068,2.530678312187203
,23274,7.07,,0.07492349369192919,-0.7932020738854932,-1.6048,-0.7932020738854932,3,1.8016466095400514,1.164254842640406,-0.9921156755915752,1.370624668572459,-1.171711066866377,0.7464783146508791,-1.8516244115482305,-0.24062902543681752
,22443,7.07,,0.22030577053696243,0.26120028976075327,-1.7346,0.26120028976075327,3,1.7945998194674686,1.040658396882697,0.0622866880546713,1.317999966842637,-1.119086365136555,0.7409532110472259,-1.8460993079445773,0.813773338209429
,19237,7.08,,0.10918431836625087,0.23583153121078237,-1.514,0.23583153121078237,3,1.7763988164904765,0.9690384619559564,0.04012196193107109,1.2336038463926962,-1.0378942771129849,0.734792554956635,-1.8359960520775402,0.786433279771235
,22600,7.09,,-3.3144803386441195,-3.26606749739734,-1.9461,-3.26606749739734,3,2.05983134141189,1.040658396882697,-3.4585730342506804,1.2589672002600736,-1.066461663406733,0.7448958108236723,-1.842156708168131,-2.7174370487251105
,32018,7.09,,-2.224080184616356,-2.2995719138361617,-1.7873,-2.2995719138361617,3,2.1056953433681813,1.164254842640406,-2.4920774506895023,1.3115919019898956,-1.119086365136555,0.7504209144273255,-1.8476818117717841,-1.7509414651639323
,23394,7.1,,0.7874362904851537,0.676223277998993,-1.1656,0.676223277998993,3,2.064941366133327,1.040658396882697,0.48692177357202304,1.255763167833703,-1.066461663406733,0.7468671107118954,-1.8401854082799078,1.2228824267829992
,29999,7.12,,1.7201094406048383,1.9873759930272867,-1.8035,1.9873759930272867,4,1.7637040242235251,1.164254842640406,1.8044825534530586,1.3019798047107831,-1.119086365136555,0.756334814091995,-1.8417679121071147,2.5300925420348466
,25348,7.16,,-1.6487434645311319,-2.2903373244081657,-1.7346,-2.2903373244081657,4,1.9202924110785868,1.287851288398115,-2.4604146342769107,1.341788376735122,-1.171711066866377,0.7697451172485406,-1.839407816157875,-1.7555059749534985
,34819,7.17,,-4.009072933879472,-4.237505826759743,-1.9461,-4.237505826759743,4,2.3413934931902256,1.4845197204954486,-4.404379104202118,1.3489553616387733,-1.182082084196399,0.9153540615050839,-1.9810741606379723,-3.704645777193299
,25934,7.18,,0.6896156567083647,0.8478089300129124,-1.5895,0.8478089300129124,4,2.138208710069077,1.287851288398115,0.6841396849969088,1.3353803118823806,-1.171711066866377,0.8478089300129124,-1.9095864293693545,1.3786976796911334
,27473,7.23,,0.06670054788531554,0.10245294665575666,-1.5579,0.10245294665575666,5,2.0863940297219647,1.164254842640406,-0.045196136228393025,1.3193601497505267,-1.171711066866377,0.8206048229600653,-1.8626693234342757,0.6234851968928619
,32140,7.27,,0.1175403180283685,-0.32720396734308776,-1.5782,-0.32720396734308776,5,1.9552641121184815,1.040658396882697,-0.46203692052175427,1.2539193183152215,-1.119086365136555,0.7914294160189952,-1.8177235173874204,0.18594308334112486
,31334,7.33,,0.37718060034641177,0.09675750091330393,-1.4669,0.09675750091330393,5,1.9304147128603633,0.9690384619559564,-0.018851257707138025,1.234695123756997,-1.119086365136555,0.7977321117446812,-1.8003706144544285,0.5980767522681776
,23425,7.36,,0.7110573147815429,0.30245191567947805,-1.2008,0.30245191567947805,5,1.7570354074340726,0.897418527029216,0.1964552543381486,1.1438909384543143,-1.0378942771129849,0.7981209078056974,-1.7889316111861058,0.7978572673696822
,37494,7.36,,0.23525387287664712,-0.08351836074670915,-1.6514,-0.08351836074670915,5,0.8213506459684706,0.8954105211459373,-0.1895150220880386,1.1438909384543143,-1.0378942771129849,0.7899889518268834,-1.7807996552072918,0.411886990943495
,32823,7.38,,-0.30043366610591793,-0.7714941243942883,-1.8672,-0.7714941243942883,5,0.9324705618919757,0.8934025152626588,-0.8710827208828764,1.100309879693994,-1.000721283205406,0.7857995956245156,-1.7687250994520312,-0.28003137248053056
,26910,7.41,,0.029744445058715208,0.3611065599410752,-0.236,0.3611065599410752,6,1.1210895268042225,0.8706057226377856,0.2711300607315996,1.2090628643460306,-1.119086365136555,0.764523534911548,-1.7356212394097246,0.8466554121901635
,26910,7.41,,0.04406190902247875,-0.8727739313785916,-0.236,-0.8727739313785916,6,1.2589537439583478,0.8727739313785916,-0.9627504305880672,1.2090628643460306,-1.119086365136555,0.7373335745339109,-1.7084312790320875,-0.3872250791295033
,26910,7.41,,0.03656920737767155,-0.035635197647027717,-0.236,-0.035635197647027717,6,1.2673458762433816,0.860291430695752,-0.1256116968565033,1.1718898704384517,-1.0819133712289761,0.549220067237493,-1.5203177717356695,0.44991365460206056
,23108,7.41,,-2.423131315811289,-2.6318790517544874,-1.4366,-2.6318790517544874,6,1.6599646565855481,0.8727739313785916,-2.721855550963963,1.1718898704384517,-1.0819133712289761,0.7373335745339109,-1.7084312790320875,-2.146330199505399
,26910,7.41,,0.037237146703522406,-0.4682316587031634,-0.236,-0.4682316587031634,6,1.6780914574711043,0.860291430695752,-0.558208157912639,1.1718898704384517,-1.0819133712289761,0.549220067237493,-1.5203177717356695,0.01731719354592487
,15908,7.42,,-2.212776344381231,-2.0504018414325014,-2.2428,-2.0504018414325014,6,1.7333701885444348,0.8727739313785916,-2.1371743082156063,1.168685838012081,-1.0819133712289761,0.739304874422134,-1.7064599791438644,-1.5668242890716362
,40188,7.42,,1.577955893053605,1.4221782265473801,-1.6775,1.4221782265473801,6,1.6982233931070205,0.8830882233206252,1.3354057597642752,1.168685838012081,-1.0819133712289761,0.7664948347997711,-1.7336499395215015,1.9057557789082453
,34903,7.43,,0.13682987588150652,-0.7610652643564499,-1.654,-0.7610652643564499,7,1.5463162430714688,0.8727739313785916,-0.8446336987131842,1.0696535770654862,-0.986085142708752,0.7412761743103571,-1.7044886792556413,-0.27945901188380784
,34903,7.43,,0.12033375152418202,0.2722581610171737,-1.654,0.2722581610171737,7,1.3286509792433991,0.860291430695752,0.18868972666043948,1.0549709545637322,-0.971402520206998,0.5531626670139391,-1.5163751719592233,0.7538644134898158
,20016,7.44,,1.7470638913250744,1.4781885134151813,-1.5782,1.4781885134151813,7,1.436060140430517,0.8727739313785916,1.3978241114848178,1.0517669221373616,-0.971402520206998,0.7432474741985804,-1.702517379367418,1.9578234659996
,37608,7.44,,0.7442653672208659,0.007324929824566562,-1.8672,0.007324929824566562,7,1.4185213272347612,0.860291430695752,-0.07303947210579698,1.0338938801381665,-0.953529478207803,0.5551339669021624,-1.514403872071,0.48695988240898536
,20320,7.46,,-1.575370014292651,-2.19256145948924,-1.0728,-2.19256145948924,7,1.5591334358918838,0.8727739313785916,-2.2665177965668617,1.0453588572846197,-0.971402520206998,0.7471900739750266,-1.6985747795909718,-1.7168691066812674
,21260,7.46,,-0.1406773597031622,-0.4435002153292521,-1.3277,-0.4435002153292521,7,1.3413938110499606,0.860291430695752,-0.5174565524068738,1.0453588572846197,-0.971402520206998,0.5590765666786086,-1.5104612722945538,0.03219213747872052
,26646,7.48,,-0.34218962591441937,-1.2458927607434136,-1.3277,-1.2458927607434136,7,1.3850400601580646,0.8727739313785916,-1.313441032968294,1.0536334149336324,-0.986085142708752,0.37490565915863727,-1.3184051652216897,-0.7741430077118874
GS4,26646,7.48,-0.09927400245751727,,,-1.3277,-0.09927400245751727,7,1.261661494170097,0.860291430695752,-0.16682227468239763,1.0389507924318784,-0.971402520206998,0.35846462216827,-1.3019641282313223,0.37247575057400895
,33609,7.5,,2.3481078893987775,1.9104644256120995,-0.8288,1.9104644256120995,8,1.2739013643121557,0.860291430695752,1.8493242182399605,1.0265468884443407,-0.9654066810722017,0.3624072219447162,-1.2980215284548762,2.3782715788671798
,33496,7.51,,0.16338031205257586,0.18924537851732204,-1.9728,0.18924537851732204,8,1.2716555944593353,0.860291430695752,0.13130920357155373,0.9748527506812401,-0.9169165757354718,0.3643785218329395,-1.2960502285666529,0.6550812318841788
,12088,7.51,,0.7267927904219007,0.9802744508508965,-1.9119,0.9802744508508965,8,0.9499795357061811,0.860291430695752,0.9223382759051282,1.0004805281923659,-0.9425443532465976,0.3643785218329395,-1.2960502285666529,1.4461103042177532
,33496,7.51,,0.24332243298399625,-0.7211804927138115,-1.9728,-0.7211804927138115,8,0.9861385804148057,0.8205055019492028,-0.7791166676595798,1.0004805281923659,-0.9425443532465976,0.33997944942269887,-1.2716511561564123,-0.2553446393469547
,23054,7.53,,0.4947383539378569,0.5490193464301873,-1.1609,0.5490193464301873,8,0.7221849910775652,0.7823480991398908,0.49749123633716086,0.9940724633396242,-0.9425443532465977,0.34392204919914526,-1.267708556379966,1.0109126000205977
,20818,7.54,,0.7806347265493383,0.7529133382017872,-1.6712,0.7529133382017872,9,0.7200363824008832,0.7662796943753691,0.7045892605351314,0.9450345760606581,-0.8967104983940023,0.370292421497609,-1.2901363289019834,1.2128352919039744
,35536,7.56,,-0.3108247142767864,-0.5624548596872243,-1.1523,-0.5624548596872243,9,0.9132556057931206,0.7662796943753691,-0.6043708725011387,0.9307346079932823,-0.8888185951793679,0.3498359488638145,-1.2617946567152967,-0.10647550576148324
,31639,7.59,,0.29814223150003816,-0.4195220023795505,-1.6712,-0.4195220023795505,9,0.9382607655681098,0.7662796943753691,-0.45182591791435245,0.8901621253328322,-0.8578582097980303,0.342079819309387,-1.2422107278315302,0.030543451881521078
,31639,7.59,,0.2083934819661346,0.19762494601877112,-1.6712,0.19762494601877112,9,0.7509484223586836,0.7569893012791186,0.16532103048396918,0.858907438118018,-0.826603522583216,0.342079819309387,-1.2422107278315302,0.6476904002798427
,33175,7.6,,0.25104189352796924,0.34958882044861683,-1.822,0.34958882044861683,9,0.7538910072303014,0.7569893012791186,0.3204889373401856,0.8409750662948132,-0.811875183186382,0.3496759667227253,-1.2458642754684224,0.7976829748214653
,35017,7.6,,0.635161152274905,-0.16320009714958306,-1.663,-0.16320009714958306,9,0.699235879998077,0.7569893012791186,-0.1922999802580143,0.8409750662948132,-0.811875183186382,0.3496759667227253,-1.2458642754684224,0.28489405722326544
,33175,7.6,,0.25960535462054013,-0.0698275892871858,-1.822,-0.0698275892871858,9,0.6491160024976025,0.7569893012791186,-0.09892747239561706,0.8081818704057682,-0.7790819872973369,0.3496759667227253,-1.2458642754684224,0.3782665650856627
,36127,7.61,,0.826841297357823,-0.4058548654907319,-1.6271,-0.4058548654907319,9,0.8251807705733604,0.7370469154577993,-0.43175071617279204,0.804977837979397,-0.7790819872973369,0.345935272811725,-1.2381809817809755,0.04026798899389328
,27624,7.62,,0.008745108330029394,-0.4128512664561612,-1.9494,-0.4128512664561612,10,0.8020019366636015,0.6987018853564022,-0.43554308471185066,0.7949253678028634,-0.7722335495471739,0.3361365891451591,-1.2244396983379633,0.031300288140240884
,33739,7.62,,-0.5711197043309735,-0.6405059186619635,-1.347,-0.6405059186619635,10,0.779395556874004,0.6583645983304782,-0.6631977369176529,0.7949253678028634,-0.7722335495471739,0.3361365891451591,-1.2244396983379633,-0.1963543640655614
,27629,7.64,,0.2578826322957417,0.37765543009848046,-1.803,0.37765543009848046,10,0.7620953445911853,0.6014803891745939,0.3613716766955324,0.788517302950122,-0.7722335495471739,0.3400791889216055,-1.220497098561517,0.8178643849184362
,32713,7.64,,1.4550655149916083,1.3975594466835717,-0.4144,1.3975594466835717,10,0.8416361316826378,0.6014803891745939,1.3812756932806236,0.788517302950122,-0.7722335495471739,0.3400791889216055,-1.220497098561517,1.8377684015035274
,32713,7.64,,1.5161191442140507,1.1143844155243046,-0.4144,1.1143844155243046,10,0.8825423424921032,0.6014803891745939,1.0981006621213565,0.795365740700285,-0.7790819872973369,0.3400791889216055,-1.220497098561517,1.5545933703442603
,24641,7.65,,0.22340541826865024,0.3943900070060049,-1.0839,0.3943900070060049,10,0.8826219134396281,0.5557371030587058,0.3813102860294275,0.7853479508859942,-0.7722682299094168,0.3420504888098286,-1.2185257986732938,0.8326276619377375
,37614,7.65,,-0.4924080511711433,-0.6427301723678875,-1.5662,-0.6427301723678875,10,0.9261655787621227,0.5557371030587058,-0.6558098933444649,0.7853479508859942,-0.7722682299094168,0.3420504888098286,-1.2185257986732938,-0.20449251743615493
GN5,33249,7.67,0.8101161610355652,,,-1.9463,0.8101161610355652,11,0.8970887861702659,0.6014803891745939,0.8034445049117296,0.7979522424094903,-0.7912805862856547,0.345993088586275,-1.2145831988968474,1.2444112161908514
,14701,7.67,,0.7061676231868292,0.49160002957800253,-0.7482,0.49160002957800253,11,0.8784200403651217,0.6014803891745939,0.48492837345416695,0.7789398860332524,-0.7722682299094168,0.35161793611139014,-1.2202080464219627,0.9258950847332887
,33249,7.67,,0.17753941506577942,-0.056483295791545096,-1.9463,-0.056483295791545096,11,0.8999488565262376,0.5557371030587058,-0.06315495191538067,0.7789398860332524,-0.7722682299094168,0.3297086554455654,-1.198298765756138,0.3778117593637411
,33249,7.67,,-0.028192353467617615,0.23552245441499675,-1.9463,0.23552245441499675,11,0.905709856050465,0.5203096880040949,0.22885079829116117,0.7521170187400721,-0.7454453626162365,0.2775459063747632,-1.1461360166853356,0.669817509570283
,33249,7.67,,0.21573941568431731,-0.14012751430218717,-1.9463,-0.14012751430218717,11,0.840586310841069,0.47991584414058297,-0.14679917042602275,0.7521170187400721,-0.7454453626162365,0.22815431557194465,-1.096744425882517,0.29416754085309904
,33249,7.67,,-0.06639235408614841,-0.20951016401603173,-1.9463,-0.20951016401603173,11,0.7605271365118133,0.45586593701620776,-0.2161818201398673,0.7217017529280109,-0.7150300968041753,0.21709076092672452,-1.085680871237297,0.22478489113925448
,25995,7.68,,-1.7785225065859769,-6.789007211676845,-1.9463,-6.789007211676845,12,2.429096759072558,0.45586593701620776,-6.79247483537431,0.7489129863137014,-0.7454453626162365,0.2190620608149476,-1.0837095713490739,-6.356683456409781
,34312,7.68,,0.42495291099675847,0.005275578333709285,-2.0451,0.005275578333709285,12,2.381112356996478,0.4315111088544013,0.001807954636244391,0.7184977205016402,-0.7150300968041753,0.20326404331928916,-1.0679115538534154,0.4375993336007724
,34312,7.68,,0.4028286299850594,0.42020590845184125,-2.0451,0.42020590845184125,12,2.2774339965488424,0.4198639554156959,0.41673828475437635,0.687361122423857,-0.6838934987263922,0.20326404331928916,-1.0679115538534154,0.8525296637189044
,34312,7.68,,0.5570724135289071,0.7971120664084099,-2.0451,0.7971120664084099,12,2.2596846524309595,0.4318530618905467,0.793644442710945,0.687361122423857,-0.6838934987263922,0.2190620608149476,-1.0837095713490739,1.229435821675473
,34312,7.68,,0.5349481325172152,0.6831484596516264,-2.0451,0.6831484596516264,12,2.2522022859716286,0.45586593701620776,0.6796808359541615,0.6749069101333721,-0.6714392864359072,0.23012561546016774,-1.094773125994294,1.1154722149186895
GN3,35455,7.69,-0.48882969327664405,,,-0.9712,-0.48882969327664405,12,2.227562197246019,0.47853067598990373,-0.48909328454773826,0.6717028777070014,-0.6714392864359072,0.23209691534839105,-1.0928018261060708,-0.058477237897804235
,35455,7.69,,-0.6544288627040888,-0.5996938539994705,-0.9712,-0.5996938539994705,12,2.2206871997380015,0.4902148614273233,-0.5999574452705647,0.6597674064021531,-0.6595038151310589,0.22103336070317092,-1.0817382714608506,-0.1693413986206307
,30727,7.7,,0.3734146948119774,0.28782178918520906,-2.115,0.28782178918520906,12,2.2229564780889244,0.4902148614273233,0.29076223034048554,0.6565633739757825,-0.6595038151310589,0.23406821523661414,-1.0908305262178475,0.7162029446758258
,30727,7.7,,0.387333668565468,1.0010373209545025,-2.115,1.0010373209545025,12,2.2779889107809757,0.4902148614273233,1.003977762109779,0.6565633739757825,-0.6595038151310589,0.26462907163243765,-1.121391382613671,1.4294184764451192
,30727,7.7,,0.34975632595352146,0.04648450113610658,-2.115,0.04648450113610658,12,2.2829148514224293,0.4902148614273233,0.049424942291383056,0.6565633739757825,-0.6595038151310589,0.23406821523661414,-1.0908305262178475,0.4748656566267233
,30727,7.7,,0.410992037423924,0.5961828513859262,-2.115,0.5961828513859262,12,0.5337726859581626,0.4902148614273233,0.5991232925412027,0.6271499417675254,-0.6300903829228018,0.26462907163243765,-1.121391382613671,1.024564006876543
,20623,7.71,,-2.1771432107019573,-2.6671614459766113,-1.142,-2.6671614459766113,13,1.0766676701790894,0.5203096880040949,-2.661016972394964,0.6533593415494118,-0.6595038151310589,0.30862382348042716,-1.1614435346852146,-2.2407515903742175
,47951,7.72,,0.28233512736148203,-0.3166537887526202,-1.8035,-0.3166537887526202,13,1.0704913454926737,0.4902148614273233,-0.30730528274460234,0.620741876914784,-0.6300903829228018,0.2685716714088838,-1.1174487828372248,0.10778476696155037
,24915,7.75,,-1.3734643953178831,-1.075518878344654,-1.514,-1.075518878344654,13,1.0665025960778232,0.5203096880040949,-1.0565582750575238,0.6111297796356715,-0.6300903829228018,0.2744855710735533,-1.1115348831725553,-0.656994222295153
,26696,7.86,,-0.5544111947017856,-1.731661333784807,-1.8391,-1.731661333784807,13,1.5667091870814513,0.5203096880040949,-1.6774563738075978,0.5479591989086425,-0.6021641588858517,0.29616986984400817,-1.0898505844021007,-1.3348209765057608
GS4,26696,7.86,0.14321083984486166,,,-1.8391,0.14321083984486166,13,1.654336775024099,0.4902148614273233,0.19741579982207086,0.5479591989086425,-0.6021641588858517,0.2665655086536718,-1.0602462232117642,0.5400511971239079
,32625,7.92,,0.59296370225637,0.21981393835052676,-1.1609,0.21981393835052676,14,1.6621811958570787,0.4661649543029481,0.29324309288596007,0.5261112143704504,-0.5995403689058837,0.27839330798301054,-1.0484184238824255,0.6048264963002342
,34682,7.93,,0.8139286871624796,-1.622650663313487,-0.0253,-1.622650663313487,14,1.7012904830516489,0.4902148614273233,-1.546017476351683,0.5229071819440797,-0.5995403689058837,0.28036460787123385,-1.0464471239942021,-1.2396094052520028
,22913,7.93,,-0.28752738529814903,-0.7897445983543829,-1.3735,-0.7897445983543829,14,1.3695097015762216,0.4902148614273233,-0.7131114113925789,0.5512504823457108,-0.6278836693075148,0.27299646902818175,-1.03907898515115,-0.4067033402928988
,27535,7.94,,-0.3088766807757062,-0.07484878285519381,-1.218,-0.07484878285519381,14,1.3644855349816682,0.4902148614273233,0.004988436532981311,0.5480464499193397,-0.6278836693075148,0.27496776891640484,-1.037107685262927,0.30622117531806725
GS4,27535,7.94,-0.26213191142014347,,,-1.218,-0.26213191142014347,14,1.3668811313824252,0.4661649543029481,-0.18229469203196835,0.5480464499193397,-0.6278836693075148,0.2703158579087497,-1.0324557742552718,0.11893804675311759
,29169,7.95,,0.02588683672060954,0.03433757673679638,-1.1656,0.03433757673679638,14,1.3202224403836769,0.45451780086424265,0.11737882855134218,0.544842417492969,-0.6278836693075148,0.272287157796973,-1.0304844743670485,0.41343623502183413
,17713,7.95,,0.8167736094310136,0.39868486774995304,-1.9119,0.39868486774995304,14,1.1690972861096889,0.4198639554156959,0.48172611956449884,0.544842417492969,-0.6278836693075148,0.272287157796973,-1.0304844743670485,0.7777835260349908
,15255,7.96,,-1.8168132765532896,-2.4800829059903284,-1.3974,-2.4800829059903284,15,1.206968412295855,0.45451780086424265,-2.393837621749412,0.5416383850665983,-0.6278836693075148,0.27891036869285124,-1.0331650854864805,-2.1029555475935138
,27549,7.96,,-0.7159806367992041,-0.9134262991799553,-1.785,-0.9134262991799553,15,1.2155719617231138,0.45451780086424265,-0.8271810149390388,0.5732585308901424,-0.6595038151310589,0.2742584576851961,-1.0285131744788254,-0.5362989407831407
GS4,27549,7.96,0.413503569630199,,,-1.785,0.413503569630199,15,1.227133775087425,0.45451780086424265,0.4997488538711155,0.5732585308901424,-0.6595038151310589,0.2752149528906832,-1.0294696696843126,0.7906309280270136
,15255,7.96,,0.6223941909445265,0.6918889418360699,-1.3974,0.6918889418360699,15,1.1732871171621457,0.45451780086424265,0.7781342260769863,0.5815000804083967,-0.6677453646493132,0.2752149528906832,-1.0294696696843126,1.0690163002328845
,39972,7.99,,1.6190473288024156,1.7603461442244699,-0.4144,1.7603461442244699,15,1.5510591361603248,0.45451780086424265,1.8562035257444989,0.6234337907128701,-0.7192911722328991,0.2921924072005728,-1.0346193246648632,2.131559602956615
,24491,7.99,,-2.1862681636718966,-2.0993998778721012,-1.3974,-2.0993998778721012,15,1.7772455315906592,0.45451780086424265,-2.0035424963520723,0.6559451980550738,-0.7518025795751028,0.2921924072005728,-1.0346193246648632,-1.728186419139956
,38727,8.02,,0.4857754422251992,0.48305738377041707,-1.6345,0.48305738377041707,16,1.7771832735390793,0.45163164611112916,0.5885268625695581,0.6401533399356416,-0.7456228187347826,0.2981063068652421,-1.028705425000194,0.848356942837893
,16797,8.02,,1.6310214798563134,1.1429711537179426,-1.0685,1.1429711537179426,16,1.4513461965665337,0.45163164611112916,1.2484406325170836,0.6401533399356416,-0.7456228187347826,0.32771066805557847,-1.0583097861905304,1.5082707127854185
,30413,8.08,,-0.16745324758353775,0.009053841910819926,-1.1269,0.009053841910819926,16,1.3507534726584591,0.45163164611112916,0.13374751526818596,0.5423496241179079,-0.6670432974752739,0.33953846738491766,-1.046481986861191,0.36252560164895664
,26767,8.09,,0.9128589060447945,0.42608108001815537,-2.2202,0.42608108001815537,16,1.3584088298997803,0.4545692318942862,0.5539787858018921,0.4992838963497388,-0.6271816021334755,0.39539178242203377,-1.0983927021218611,0.777581539868069
,26767,8.09,,0.6356490969153563,0.9453480325632222,-2.2202,0.9453480325632222,16,1.284724697988675,0.48594353852353056,1.073245738346959,0.4992838963497388,-0.6271816021334755,0.39539178242203377,-1.0983927021218611,1.2968484924131358
,26767,8.09,,0.8939203010107002,-0.44091610187642005,-2.2202,-0.44091610187642005,16,1.1766980718334352,0.48594353852353056,-0.31301839609268334,0.4992838963497388,-0.6271816021334755,0.39539178242203377,-1.0983927021218611,-0.08941564202650643
,26767,8.09,,0.616710491881262,0.44773232631457716,-2.2202,0.44773232631457716,16,1.0419852766042446,0.48594353852353056,0.5756300320983139,0.4992838963497388,-0.6271816021334755,0.42618207310161627,-1.1291829928014434,0.7992327861644908
,36009,8.18,,0.13927096374221182,0.5517810478337057,-0.545,0.5517810478337057,17,0.7425437104120377,0.4902148614273233,0.7085150454547791,0.5239635899034032,-0.6806975875244765,0.4504484661750968,-1.1179659878869077,0.8855398086896111
,22761,8.19,,0.07012929385223166,0.028696815255563224,-0.9712,0.028696815255563224,17,0.7489090537987563,0.4902148614273233,0.18863484530300723,0.5207595574770325,-0.6806975875244765,0.4524197660633199,-1.1159946879986844,0.3604842762232455
GS4,25632,8.26,0.22139781000110542,,,-1.3026,0.22139781000110542,17,0.8065001569757727,0.48594353852353056,0.4037640670331451,0.48467704044323423,-0.6670432974752739,0.4662188652808822,-1.1021955887811221,0.5393861717512254
,25632,8.26,,-0.5627748015108289,-1.017605673922747,-1.3026,-1.017605673922747,17,0.85679178803273,0.4902148614273233,-0.8352394168907074,0.48569379201354923,-0.6680600490455889,0.4596941712014099,-1.0956708947016498,-0.699617312172627
,30243,8.27,,-0.09950913840142228,-0.7648222050463424,-2.1323,-0.7648222050463424,17,0.8834355269832851,0.4902148614273233,-0.579251915587932,0.48248975958717855,-0.6680600490455889,0.43087518041005046,-1.0629093041338442,-0.4488051431844454
,30243,8.27,,-0.1559431996833488,-0.5334012660484994,-2.1323,-0.5334012660484994,17,1.0112025165915863,0.4902148614273233,-0.347830976590089,0.5095444028163749,-0.6951146922747853,0.3918930665623295,-1.0239271902861233,-0.21738420418660243
,30243,8.27,,-0.10468438406706959,0.16450444297219569,-2.1323,0.16450444297219569,17,1.003175747494923,0.4902148614273233,0.35007473243060605,0.48248975958717855,-0.6680600490455889,0.36870034900955806,-1.000734472733352,0.4805215048340926
,30243,8.27,,-0.1611184453489961,-1.0394637480918751,-2.1323,-1.0394637480918751,17,0.7095029261399499,0.4902148614273233,-0.8538934586334648,0.5095444028163749,-0.6951146922747853,0.3918930665623295,-1.0239271902861233,-0.7234466862299782
,20344,8.29,,0.46651137710054236,0.33296387979828246,-1.5244,0.33296387979828246,18,0.6512546786491092,0.48594353852353056,0.5249422341094342,0.4760816947344372,-0.6680600490455889,0.37264294878600424,-0.9967918729569057,0.6450383418837332
,33722,8.3,,0.034895038939244616,-0.142792088639619,-1.6676,-0.142792088639619,18,0.6623388041007381,0.4653948550424971,0.052390298097903854,0.47287766230806605,-0.6680600490455889,0.3533027037354908,-0.9735090281299452,0.16731107355760821
,33722,8.3,,0.08620183300946604,0.12246756340257758,-1.6676,0.12246756340257758,18,0.6509991991454195,0.4653948550424971,0.31764995014010045,0.42628392404544935,-0.6214663107829722,0.3533027037354908,-0.9735090281299452,0.4325707255998048
,34077,8.33,,-0.5488134876063064,-0.9425479469295261,-0.5276,-0.9425479469295261,19,0.6392600653867683,0.48594353852353056,-0.7377534629128912,0.4166718267663373,-0.6214663107829722,0.3468270195568852,-0.9552055446220011,-0.6383586843969682
,32290,8.33,,2.32718024546447,2.1025428599936418,-0.0253,2.1025428599936418,19,0.8314628416626998,0.5111154796625716,2.3073373440102767,0.4166718267663373,-0.6214663107829722,0.37411650470133206,-0.982495029766448,2.4067321225261997
GN3,34077,8.33,0.44510466110994074,,,-0.5276,0.44510466110994074,19,0.7864291339949784,0.5111154796625716,0.6498991451265757,0.41441851983143196,-0.6192130038480669,0.40372086589166845,-1.0120993909567844,0.7492939236424987
,36521,8.33,,-0.6057443596987662,-0.28985537074320233,-1.5244,-0.28985537074320233,19,0.814470309445275,0.48594353852353056,-0.08506088672656742,0.41441851983143196,-0.6192130038480669,0.37411650470133206,-0.982495029766448,0.014333891789355624
,34077,8.33,,-0.19780029190666326,-0.10151161813627496,-0.5276,-0.10151161813627496,19,0.8119944324884087,0.48594353852353056,0.10328286588035995,0.41441851983143196,-0.6192130038480669,0.37411650470133206,-0.982495029766448,0.202677644396283
ERSPRIME,44465,8.35,0.49721038061127254,,,-0.7613,0.49721038061127254,19,0.8105682883342834,0.4930200369439583,0.7084129294806493,0.40801045497869015,-0.6192130038480669,0.37805910447777846,-0.9785524299900016,0.7974570433673841
,24005,8.36,,0.013262381484662189,0.27476183636997265,-1.0254,0.27476183636997265,19,0.8043874490158558,0.48594353852353056,0.48916841766572006,0.3694828077829977,-0.5838893890787451,0.3527409192215547,-0.9492916449573316,0.5730371992378611
,38240,8.38,,0.27772856915173405,0.1965231948254461,-0.8297,0.1965231948254461,19,0.8052619197794599,0.4653948550424971,0.41733784097393534,0.35662632769463376,-0.577440973843123,0.3473657500489089,-0.9360312762317926,0.49085595791688796
,42593,8.42,,0.0178222659898708,-0.07953312985656424,-1.108,-0.07953312985656424,20,0.7038356107105458,0.44641849371225895,0.15409764599740772,0.3855822279940949,-0.6192130038480669,0.35525094960180126,-0.9281460766789003,0.20691443368198525
GS3,42593,8.42,0.4559709010604607,,,-1.108,0.4559709010604607,20,0.42217225015111987,0.44641849371225895,0.6896016769144326,0.418521676207509,-0.652152452061481,0.3645687185508937,-0.9374638456279927,0.7424184645990102
,29861,8.42,,-0.07629712850722975,-0.18923613860157368,-1.7452,-0.18923613860157368,20,0.4497387504357058,0.44641849371225895,0.044394637252398284,0.3855822279940949,-0.6192130038480669,0.35525094960180126,-0.9281460766789003,0.09721142493697582
,42593,8.42,,-0.011954220834333285,-0.1357566809724915,-1.108,-0.1357566809724915,20,0.4307899348426451,0.4430103814931804,0.09787409488148047,0.35025861322477314,-0.5838893890787451,0.33514502681005176,-0.9080401538871508,0.150690882566058
,42593,8.42,,-0.020619846896934746,0.08065063782073167,-1.108,0.08065063782073167,20,0.4163749309545094,0.4430103814931804,0.31428141367470364,0.35025861322477314,-0.5838893890787451,0.33514502681005176,-0.9080401538871508,0.3670982013592812
,42593,8.42,,0.009156639927269339,-0.3636570887337598,-1.108,-0.3636570887337598,20,0.4580582682128546,0.4334985909472877,-0.13002631287978783,0.343810197989151,-0.577440973843123,0.3024842842304982,-0.8753794113075972,-0.0772095251952103
,21946,8.44,,0.01961261076239207,-0.2700572090718599,-1.3735,-0.2700572090718599,20,0.4818460806109302,0.41979232482417717,-0.030018368365146597,0.32476556824338965,-0.564804408950103,0.2740392344187812,-0.8390491619429878,0.012447754690243396
GS3,35433,8.45,0.2714023983888133,,,-1.9494,0.2714023983888133,20,0.48306076018620797,0.41979232482417717,0.5146452715218973,0.29621763682257907,-0.5394605099556631,0.28195296687639715,-0.8430202946241576,0.5519360622626935
,35433,8.45,,0.10450597948947904,-0.12341702496105211,-1.9494,-0.12341702496105211,20,0.42201529135488947,0.406094218690076,0.1198258481720319,0.27655087968258174,-0.5197937528156658,0.26545996581942055,-0.826527293567181,0.15711663891282812
,15930,8.46,,-0.06061033188970033,-0.10528533378104943,-1.7124,-0.10528533378104943,21,0.26366390285170277,0.3811709782418564,0.14116157177840616,0.23806856384424468,-0.48451546940370027,0.26115632045190995,-0.8182810484232234,0.17327703020460727
GN3,34368,8.47,0.13572032781105758,,,-1.94,0.13572032781105758,21,0.3921277952873715,0.3811709782418564,0.38537126579688386,0.22966163705807763,-0.4793125750439039,0.2612514921697494,-0.8144336203646166,0.4123113919084912
,34368,8.47,,-0.4823345765071564,-0.566036999256596,-1.94,-0.566036999256596,21,0.41506340975215394,0.406094218690076,-0.31638606127076974,0.2275629594906471,-0.47721389747647336,0.23698638525258064,-0.7901685134474479,-0.2894459351591624
,35205,8.48,,-0.6359028865878361,-0.7620762230079453,-0.4053,-0.7620762230079453,21,0.4412595597230858,0.406094218690076,-0.5092212525957484,0.22645760463170694,-0.4793125750439039,0.21453644414860085,-0.7637759725670219,-0.4874564587987348
,36971,8.49,,-0.13410226234921685,-1.0820762208172288,-1.2726,-1.0820762208172288,21,0.5122324306155625,0.406094218690076,-0.8260172179786611,0.22325357220533626,-0.4793125750439039,0.24092898502902682,-0.7862259136710017,-0.8094277564962413
,22252,8.51,,0.08559067995860636,-0.9831323578495132,-1.4106,-0.9831323578495132,21,0.5504121947820184,0.41979232482417717,-0.7206652901582042,0.2168455073525949,-0.4793125750439039,0.269136691722642,-0.8065484208117241,-0.7144264933049722
ERSPRIME,39634,8.54,0.5971975836509484,,,-1.8074,0.5971975836509484,21,0.6021848046953204,0.4334985909472877,0.8692767486213695,0.2124363044332792,-0.48451546940370027,0.28286915212708763,-0.8084530818868312,0.8599895485308202
,18761,8.6,,-0.3853382531437672,-0.4173730658598513,-0.7613,-0.4173730658598513,22,0.5957536874435602,0.4334985909472877,-0.12606970633120568,0.1880092155152583,-0.4793125750439039,0.2946969514564266,-0.7966252825574922,-0.16640890030931849
,35952,8.61,,0.26585410838256207,0.39927608084897726,-2.1836,0.39927608084897726,22,0.6174691675997432,0.4334985909472877,0.6937834728039936,0.1848051830888876,-0.4793125750439039,0.2966682513446497,-0.7946539826692691,0.648268946511287
,35952,8.61,,-0.1024539841560359,-0.4018738190599156,-2.1836,-0.4018738190599156,22,0.6095411613601597,0.42172707293900336,-0.1073664271048993,0.18270650552145706,-0.47721389747647336,0.2888496906048733,-0.7868354219294927,-0.15288095339760588
,35952,8.61,,-0.02876787815909454,-0.10231548053096207,-2.1836,-0.10231548053096207,22,0.5682626750448923,0.41543831774502515,0.19219191142405423,0.17957712604420395,-0.47408451799922025,0.266128199171747,-0.7641139304963664,0.14667738513134765
,35952,8.61,,0.1921680023856136,-0.23910880344805507,-2.1836,-0.23910880344805507,22,0.5469524188914602,0.40962344245988347,0.05539858850696122,0.15041346352776191,-0.4449208554827782,0.24016334269550166,-0.7381490740201211,0.00988406221425464
GN1,37683,8.61,-0.30106461834700865,,,-1.0059,-0.30106461834700865,22,0.5420293547301384,0.4005749499544464,-0.006557226391992355,0.15041346352776191,-0.4449208554827782,0.23499611615410398,-0.7329818474787234,-0.052071752684698935
,37683,8.61,,-0.7572163999225652,-0.6716098926311347,-1.0059,-0.6716098926311347,22,0.5347082883409371,0.4005749499544464,-0.3771025006761184,0.11604356204852395,-0.41055095400354025,0.2156704583469593,-0.7136561896715787,-0.42261702696882497
,20766,8.62,,0.059910902239539654,-0.09802956030296595,-0.6155,-0.09802956030296595,22,0.46491361081219235,0.3814665847913685,0.19968186407842103,0.10364312900402262,-0.4013545533854096,0.1936663686180387,-0.6877095001662115,0.14899200547112046
,20766,8.62,,0.1889197498599089,-0.8498840844435136,-0.6155,-0.8498840844435136,22,0.4420143338259893,0.3814665847913685,-0.5521726600621266,0.10364312900402262,-0.4013545533854096,0.1936663686180387,-0.6877095001662115,-0.6028625186694272
GS3,37720,8.63,0.05642980346852139,,,-0.849,0.05642980346852139,23,0.37550171502948493,0.3483104842660211,0.35734526027627994,0.06630842366844059,-0.36722388047619914,0.1825436103984518,-0.672644142170178,0.3014800693543845
,37720,8.63,,-0.6764902994500128,-0.2900327897729122,-0.849,-0.2900327897729122,23,0.2891614855435692,0.3483104842660211,0.01088266703484636,0.06630842366844059,-0.36722388047619914,0.1825436103984518,-0.672644142170178,-0.0449825238870491
GN3,33511,8.63,0.4437056549944942,,,-1.079,0.4437056549944942,23,0.3823739350773571,0.3483104842660211,0.7446211118022528,0.08032142642874257,-0.3812368832365011,0.1825436103984518,-0.672644142170178,0.6887559208803573
,33511,8.63,,-0.10683297053265894,-0.8292942008112063,-1.079,-0.8292942008112063,23,0.41470728358780756,0.3483104842660211,-0.5283787440034478,0.08032142642874257,-0.3812368832365011,0.1825436103984518,-0.672644142170178,-0.5842439349253432
,33511,8.63,,-0.1222382261173407,0.18599880582175965,-1.079,0.18599880582175965,23,0.447026407715931,0.3170142490726455,0.4869142626295182,0.10043909657765104,-0.4013545533854096,0.18675963276785068,-0.6768601645395769,0.43104907170762274
,21890,8.68,,0.019429167997443958,-0.23906150567328424,-1.4106,-0.23906150567328424,23,0.44744153530275227,0.2955487040599604,0.07787411326632773,0.06430126429688915,-0.3812368832365011,0.19163928289347643,-0.6620268157829713,-0.0038677392285368095
,45518,8.68,,-0.3879987121103681,-0.5729191156772031,-1.0753,-0.5729191156772031,23,0.43919758250308977,0.2955487040599604,-0.25598349673759113,0.06430126429688915,-0.3812368832365011,0.18227044299391065,-0.6526579758834055,-0.3377253492324557
,45518,8.68,,-0.3263191420494294,-0.40077176920037655,-1.0753,-0.40077176920037655,23,0.43536829495850365,0.3170142490726455,-0.08383615026076457,0.06430126429688915,-0.3812368832365011,0.18227044299391065,-0.6526579758834055,-0.16557800275562912
GS2,45518,8.68,0.2745379572433663,,,-1.0753,0.2745379572433663,23,0.42679633841873216,0.3170142490726455,0.5914735761829784,0.06430126429688915,-0.3812368832365011,0.18227044299391065,-0.6526579758834055,0.5097317236881138
,37555,8.73,,-0.12696426480190126,-0.6460532395855577,-1.3735,-0.6460532395855577,24,0.4266469314589154,0.3170142490726455,-0.3130974585140919,0.0342680994047333,-0.36722388047619914,0.19117641524157714,-0.6418509492488402,-0.42071597258192617
,37555,8.73,,0.15137192540771338,-0.19135431155450788,-1.3735,-0.19135431155450788,24,0.41707472848312155,0.2955487040599604,0.14160146951695796,0.0342680994047333,-0.36722388047619914,0.16436752963025464,-0.6150420636375178,0.033982955449123664
,37555,8.73,,0.09969094704931536,-0.18903281621716672,-1.3735,-0.18903281621716672,24,0.4165885495382899,0.2899440802580573,0.14392296485429912,0.020532634894502633,-0.35348841596596847,0.16436752963025464,-0.6150420636375178,0.036304450786464826
,37555,8.73,,-0.07528328644351034,0.05038212282394483,-1.3735,0.05038212282394483,24,0.3623776153476385,0.2899440802580573,0.38333790389541067,0.020532634894502633,-0.35348841596596847,0.12707450829223688,-0.5777490422995,0.2757193898275764
,21693,8.75,,1.1678307412094229,1.1629299967897795,-1.707,1.1629299967897795,24,0.5237354300142477,0.2899440802580573,1.5022938427139871,0.01412457004176082,-0.35348841596596847,0.13101710806868305,-0.5738064425230538,1.3843246640169649
,21693,8.75,,1.1846914892038016,0.7146630473442543,-1.707,0.7146630473442543,24,0.5751003537079586,0.2899440802580573,1.054026893268462,0.01412457004176082,-0.35348841596596847,0.13101710806868305,-0.5738064425230538,0.9360577145714397
GS4,27438,8.75,0.7211161039396988,,,-1.062,0.7211161039396988,24,0.6104981091775397,0.2955487040599604,1.0604799498639066,0.027860034551991486,-0.36722388047619914,0.16831012940670081,-0.6110994638610716,0.9425107711668842
,27438,8.75,,-0.05639782414120831,0.013640493208653903,-1.062,0.013640493208653903,24,0.566036775595825,0.2955487040599604,0.35300433913286156,0.027860034551991486,-0.36722388047619914,0.13101710806868305,-0.5738064425230538,0.23503516043583927
,21693,8.75,,1.708537577195864,1.1177442164846114,-1.707,1.1177442164846114,24,0.6039788819154606,0.2955487040599604,1.457108062408819,0.027860034551991486,-0.36722388047619914,0.13101710806868305,-0.5738064425230538,1.3391388837117968
,21693,8.75,,1.6916768292014852,0.8860084525326941,-1.707,0.8860084525326941,24,0.6311354849526519,0.2955487040599604,1.2253722984569018,0.027860034551991486,-0.36722388047619914,0.13101710806868305,-0.5738064425230538,1.1074031197598795
GN2,21693,8.75,1.4129491960442182,,,-1.707,1.4129491960442182,24,0.600102548929514,0.2955487040599604,1.7523130419684259,0.027860034551991486,-0.36722388047619914,0.13101710806868305,-0.5738064425230538,1.6343438632714036
,36968,8.78,,0.11022507359342615,0.4801091542553805,-1.872,0.4801091542553805,25,0.5149751762257396,0.33236085354038425,0.8290850974587002,0.018247937272879433,-0.36722388047619914,0.1742240290713703,-0.6051855641964021,0.6955899218178964
,31995,8.84,,-0.3167671418101325,-1.1460737199985336,-0.7745,-1.1460737199985336,25,0.848114945474641,0.3814665847913685,-0.7778735822369893,0.062318078140307376,-0.43051821590185163,0.21286071401203177,-0.6201666504783856,-0.9424207517653567
,31995,8.84,,-0.3286205475565755,-0.6986786311354014,-0.7745,-0.6986786311354014,25,0.7891725440686115,0.3814665847913685,-0.33047849337385715,0.016154447084603007,-0.38435458484614726,0.21286071401203177,-0.6201666504783856,-0.4950256629022245
,31995,8.84,,-0.45435166109290787,-0.39327522658334896,-0.7745,-0.39327522658334896,25,0.755695864690891,0.39627565371616313,-0.025075088821804703,0.016154447084603007,-0.38435458484614726,0.18605182840070927,-0.5933577648670632,-0.18962225835017205
,31995,8.84,,-0.466205066839358,-0.9490059549891687,-0.7745,-0.9490059549891687,25,0.8014176237108508,0.4000239250246769,-0.5808058172276245,0.016154447084603007,-0.38435458484614726,0.18605182840070927,-0.5933577648670632,-0.7453529867559918
GN4,24611,8.91,0.03937537410735012,,,-1.4197,0.03937537410735012,26,0.7640616125742147,0.4000239250246769,0.4300037388534901,0.017059137579047035,-0.40768750232518697,0.19985092761827133,-0.5795586656495011,0.22922924312296497
,24611,8.91,,-0.3476885848960345,-0.21184528283053175,-1.4197,-0.21184528283053175,26,0.7278754130967665,0.39627565371616313,0.17878308191560818,-0.006273779899992671,-0.38435458484614726,0.16255790628025357,-0.5422656443114833,-0.0219914138149169
,18157,8.96,,-0.5431325769858717,-0.8784855740270274,-1.2265,-0.8784855740270274,26,0.46434707034232936,0.4000239250246769,-0.47183704714903363,2.229449645657633e-05,-0.4066708213744504,0.20970742705938744,-0.569702166208385,-0.6984882044525287
GN2,18157,8.96,-0.16474759198722505,,,-1.2265,-0.16474759198722505,26,0.3855130036660508,0.4000239250246769,0.24190093489076875,2.229449645657633e-05,-0.4066708213744504,0.20970742705938744,-0.569702166208385,0.015249777587273694
,19340,8.98,,-1.1457107348852895,-2.257988443876142,-1.5525,-2.257988443876142,26,0.6575773835814652,0.40132279413014604,-1.844931852145407,-0.006385770356284792,-0.4066708213744504,0.24045891244715611,-0.5925684520432613,-2.0819336740780896
GS3,41882,8.98,0.2204306805274336,,,-0.3389,0.2204306805274336,26,0.722771238118191,0.40132279413014604,0.6334872722581688,-0.006385770356284792,-0.4066708213744504,0.24045891244715611,-0.5925684520432613,0.39648545032548616
,41882,8.98,,-0.3469149564021044,-0.640712624173718,-0.3389,-0.640712624173718,26,0.7011108582002581,0.40962344245988347,-0.22765603244298283,-0.03283638944497064,-0.38022020228576453,0.245611729977323,-0.5977212695734282,-0.4646578543756654
,26639,9.02,,-0.7494801340375342,-2.152111453058965,-0.8741,-2.152111453058965,27,0.858356811058955,0.4305393604271728,-1.7262387316227472,-0.045652519150453374,-0.38022020228576453,0.25349692953021535,-0.5898360700205358,-1.983941882813805
GS4,26639,9.02,0.08289395716737757,,,-0.8741,0.08289395716737757,27,0.8921971930563486,0.4305393604271728,0.5087666786035955,-0.01920190006176753,-0.4066708213744504,0.25349692953021535,-0.5898360700205358,0.2510635274125378
GN2,19221,9.05,-0.2799779097636126,,,-1.1823,-0.2799779097636126,27,0.8957956534278482,0.4305393604271728,0.15550690895171826,-0.055264616429566316,-0.38022020228576453,0.25941082919488506,-0.5839221703558661,-0.11772223918312208
,19221,9.05,,-1.241074727013288,-3.285615439447806,-1.1823,-3.285615439447806,27,1.1906354443682066,0.46190740462493735,-2.8501306207324753,-0.02881399734088047,-0.4066708213744504,0.26457737875773335,-0.5890887199187144,-3.1233597688673154
,20355,9.21,,-2.810757791719225,-2.745730542091116,-0.6542,-2.745730542091116,27,1.2806982224401287,0.46190740462493735,-2.258981204553853,-0.03582894453600127,-0.45092039300126185,0.3171385906727241,-0.5785683354105641,-2.615015669722196
GN3,34157,9.23,0.6783853004866883,,,-1.6969,0.6783853004866883,27,1.4132720391920943,0.46190740462493735,1.171542702876693,-0.01378174750072858,-0.4793756548892759,0.3210811904491705,-0.5746257356341177,0.8051575730791619
,34157,9.23,,-0.2044929839452082,-1.586032837903325,-1.6969,-1.586032837903325,27,1.3850332473542344,0.46190740462493735,-1.0928754355133206,0.004683068226552345,-0.49784047061655684,0.3210811904491705,-0.5746257356341177,-1.4592605653108515
,34157,9.23,,-0.34362240670517974,0.01663161964364678,-1.6969,0.01663161964364678,27,1.378125083396557,0.4305393604271728,0.5097890220336513,0.016120447928618886,-0.5092778503186234,0.30006077674575027,-0.5536053219306974,0.14340389223612038
,19745,9.29,,-0.8324187107945028,-1.0981370066216163,-1.2078,-1.0981370066216163,28,1.3037390870863115,0.4305393604271728,-0.5857554096733877,0.006702286070320973,-0.5190838830185496,0.3118885760750888,-0.5417775226013589,-0.9831925333584812
,17963,9.32,,-2.5956187731641847,-2.488959067085689,-1.7001,-2.488959067085689,28,1.3367165066822928,0.46190740462493735,-1.9669653728583474,0.006555859269585684,-0.5285495534969272,0.33882288944317873,-0.5568840366401094,-2.3799284934872236
,17963,9.32,,-2.147926702731128,-2.57312085482898,-1.7001,-2.57312085482898,28,1.3229998731928119,0.5265141349662918,-2.0511271606016384,0.032769395881674046,-0.5547630901090156,0.33882288944317873,-0.5568840366401094,-2.4640902812305145
,17963,9.32,,-2.664867596044546,-3.02788217089723,-1.7001,-3.02788217089723,28,1.3406088888519656,0.6068158699254605,-2.5058884766698886,0.06128691922316454,-0.5832806134505061,0.3708111850404796,-0.5888723322374103,-2.9188515972987648
,17963,9.32,,-2.078677879850767,-3.2066920769816263,-1.7001,-3.2066920769816263,28,1.3305263270011978,0.6433829318796378,-2.6846983827542847,0.06128691922316454,-0.5832806134505061,0.3933481196967038,-0.6114092668936345,-3.097661503383161
,33397,9.34,,-0.4481973081074716,-0.37352262618773324,-0.4611,-0.37352262618773324,28,1.3361378243585038,0.6433829318796378,0.15487913289234967,0.05487885437042317,-0.5832806134505061,0.3972907194731502,-0.6074666671171881,-0.2684346523657143
,33397,9.34,,-0.16459428895494913,-0.7913437587047599,-0.4611,-0.7913437587047599,28,1.1400847847661137,0.6588315661083461,-0.262941999624677,0.05487885437042317,-0.5832806134505061,0.44189985548470956,-0.6520758031287475,-0.686255784882741
GN3,33397,9.34,0.06055117327091151,,,-0.4611,0.06055117327091151,28,1.2577836584034043,0.6433829318796378,0.5889529323509944,0.058952411932108095,-0.587354171012191,0.44189985548470956,-0.6520758031287475,0.16563914709293046
,33397,9.34,,-0.15872322205638514,-0.35413744411416304,-0.4611,-0.35413744411416304,28,1.2144072136027317,0.6433829318796378,0.17426431496591988,0.058952411932108095,-0.587354171012191,0.44189985548470956,-0.6520758031287475,-0.24904947029214408
,33397,9.34,,-0.4423262412089076,-0.2896657780531885,-0.4611,-0.2896657780531885,28,1.2670726754245634,0.6068158699254605,0.23873598102689442,0.058952411932108095,-0.587354171012191,0.3972907194731502,-0.6074666671171881,-0.18457780423116954
,30082,9.36,,-0.3292299460769553,-0.7477166415710795,-0.8667,-0.7477166415710795,29,1.2815505816744537,0.6433829318796378,-0.21290681763825525,0.0484707895176818,-0.5832806134505061,0.44584245526115573,-0.6481332033523013,-0.6465712675255068
,15610,9.43,,-0.8033059960566455,-0.454735031197965,-1.2266,-0.454735031197965,29,1.2468096903745194,0.6433829318796378,0.10250301971945497,0.026042562533086122,-0.5832806134505061,0.4596415544787178,-0.6343341041347392,-0.3673887563699543
GN2,15610,9.43,-0.006275088026330283,,,-1.2266,-0.006275088026330283,29,1.1901147944488502,0.6433829318796378,0.5509629628910897,0.026042562533086122,-0.5832806134505061,0.41503241846715844,-0.5897249681231799,0.08107118680168043
,27888,9.75,,-1.3977622040588908,-2.211667417233583,-0.4753,-2.211667417233583,29,0.8259142102168197,0.6433829318796378,-1.5519003286722985,-0.04854698625670295,-0.6112201023045816,0.4781140148902995,-0.5266433717000388,-2.1874027388287134
,26823,10.12,,0.9762369519779819,-0.27351062117343533,-0.8319,-0.27351062117343533,29,0.8512885822229873,0.6433829318796378,0.5048056671635677,-0.19503567488649687,-0.5832806134505061,0.5510521107545562,-0.45370527583578213,-0.32218403863282236
,26823,10.12,,0.9764416398154845,1.3060827567851883,-0.8319,1.3060827567851883,29,1.0640590717089797,0.662219270036123,2.084399045122191,-0.19096211732481194,-0.587354171012191,0.6268249130661974,-0.5294780781474233,1.2574093393258012
,26823,10.12,,0.9763492593037535,1.1912648152091743,-0.8319,1.1912648152091743,29,1.1982362595503229,0.6885319658110449,1.9695811035461772,-0.19096211732481194,-0.587354171012191,0.7150869436635109,-0.6177401087447368,1.1425913977497872
,26823,10.12,,0.97632933248972,0.596213118680958,-0.8319,0.596213118680958,29,1.2295526961269707,0.6885319658110449,1.374529407017961,-0.19096211732481194,-0.587354171012191,0.7150869436635109,-0.6177401087447368,0.547539701221571
,33015,10.18,,0.14055853986994205,0.23582837318976768,-1.5153,0.23582837318976768,30,1.2369658605206038,0.6885319658110449,1.0333688560849952,-0.2101863118830365,-0.587354171012191,0.7269147429928499,-0.6059123094153979,0.17532715640104168
