FIELD,ID,RA,DEC,Z_50,Z_ERR,PAB_FLUX,PAB_FLUX_ERR,OBS_PAB
GN2,19651,189.2203564808755,62.24559002113067,0.3207980168870739,0.0012384642772606648,1020.74129881863,228.253394228878,16932.630576492287
GN3,26823,189.245094,62.27718569200001,0.2980294621327578,0.0040831583885274645,240.294078975272,64.171185977635,16640.737704541956
GN4,26823,189.245094,62.27718569200001,0.2980020343062498,0.004090903865006088,238.015632240218,64.1877826108194,16640.38607980612
GS4,19146,53.14383472824792,-27.8134671600244,0.2119230808547358,0.004738241886917872,218.857584725967,16.8525257033356,15536.853896557714
GN3,28121,189.27862491,62.283924214,0.03380051255448755,0.008694250327213571,201.448600611266,0.919987095973062,13253.32257094853
GN4,28121,189.27862491,62.283924214,0.03380078612490378,0.008696403429658708,201.367582532994,0.919604297853222,13253.326078121265
GN1,38114,189.32106538,62.37852322100002,0.2164807835166052,0.035065264342217864,116.097868470656,1.57283694680202,15595.283644682879
GN2,16267,189.19109787,62.22384196899998,0.3228971613732131,0.00750059474749964,96.0950868627141,29.4282474503549,16959.541608804593
GN4,22285,189.29903147,62.25413798699998,0.3002703541579861,0.0033542892938094844,87.9326820916302,30.433166847961797,16669.46594030538
GN3,34456,189.33981288,62.324291407,0.2243199370050017,0.010113430014904846,85.4156646782026,2.75107577140578,15695.781592404122
GS3,40131,53.17073665500001,-27.72192978499999,0.2393648093093297,0.03358280907655448,79.0533145678541,10.2611451910399,15888.656855345607
GN7,9116,189.15360881,62.19301378,0.07617091324568497,0.06829225141017065,56.0294561489303,7.31137557299178,13796.511107809682
GN3,33015,189.28222579,62.31425775499999,0.2025201475004083,0.0014626402082427233,53.314568675375995,1.9904995720879,15416.308290955236
GN2,21582,189.2336176799201,62.24856716428241,0.3199147129437881,0.010703712676961161,47.3441733178411,13.532568403497399,16921.30661993936
GS3,42866,53.150015889,-27.70866107599999,0.008687209091567203,0.003998061353777008,42.1158392076,1.5052430562521901,12931.370020553892
GN3,35356,189.28385038,62.32995802100002,0.2761498502851653,0.114147623372859,37.9645971895682,15.6306047576386,16360.24108065582
GN4,22761,189.30000065,62.25340543199998,0.2989009128003644,0.006318264063365615,35.9168398147168,2.9746494211503096,16651.90970210067
GS3,35547,53.13187547900205,-27.7426442740004,0.2696409667302331,0.13363623806757394,35.682356504653704,6.2545751512119105,16276.797193481589
GS3,37739,53.14310030900004,-27.73058205700005,0.008413912097457324,0.0040751727515842395,32.8385370707318,1.84315512741904,12927.866353089403
GS4,21890,53.174772666,-27.799323122,0.1503455379765732,0.014156934205601154,32.0997068068512,10.5862849314579,14747.42979685967
GS2,47094,53.15585657,-27.68985965799999,0.2459783858929324,0.0059195085876313,28.669168255609,2.91302774469695,15973.442907147391
GN3,34157,189.20682581,62.321196204,0.2451193635943251,0.014141659816280256,28.2827543404733,2.68852447315662,15962.43024127925
GN2,12717,189.21548818,62.20562836700001,0.3044883368479626,0.005973654749683335,27.9252031465927,12.9924670533051,16723.540478390878
GS4,22600,53.19330134300001,-27.80557966300002,0.2698318708604558,0.02593543928720045,27.666599931603802,1.34763711224102,16279.244584431042
GS2,43401,53.13990311099999,-27.704768926,0.008976263294281247,0.004598802869863115,26.4032610049863,1.0488607885418,12935.075695432684
GN3,32290,189.36643835,62.30439160299998,0.245065533955202,0.0928092703802391,26.097642430853,3.1318110372425396,15961.740145305688
GS5,40413,53.12514831149021,-27.72090569708546,0.1765692248460142,0.09004217280743042,25.7017497510353,3.5716900939330496,15083.617462525903
GN4,28930,189.28823968,62.286934852,0.3075057906258756,0.023374663139436248,24.0208768455794,14.839884148784,16762.224235823724
GN3,28930,189.28823968,62.286934852,0.3074987745891738,0.023373948781555468,23.9087398077814,14.839609777109601,16762.134290233207
GS4,27438,53.19392920055293,-27.78579541612264,0.1139344822334479,0.05973070655503916,23.2560855140048,3.88170643555486,14280.640062232802
ERSPRIME,39505,53.05267394399999,-27.72504380700001,0.2217665547065831,0.009368103203542855,22.914232676878402,1.09231312014937,15663.047231338394
GS5,38715,53.10248711451633,-27.7296682245126,0.3108673673415484,0.0012037054401478405,20.588429209855402,9.84801015703143,16805.319649318648
GS3,35205,53.13105249200283,-27.74305030300048,0.2309343500038553,0.07178957840676123,20.5822363978068,1.44732992947472,15780.578367049424
GN4,21582,189.23361768,62.248567164,0.2510464425307341,0.020038355298555275,20.2504703397466,2.69216263268516,16038.415393244011
GN2,15744,189.17547909,62.21948181199999,0.1643490639161849,0.05334754678946533,19.5682772425911,2.8956936363067096,14926.95499940549
GN2,19221,189.20126644,62.240701729,0.1396305993941193,0.0024702370588815456,19.4455052485546,2.12677925054694,14610.06428423261
GS1,47421,53.2560401,-27.68378622599999,0.008870045660813003,0.0039748395304138795,18.1244831942337,0.976610234985838,12933.713985371623
GS3,34363,53.15127913700001,-27.74988377800001,0.008864607612696355,0.0041226036649143405,17.685365351879298,0.970477568342841,12933.644269594768
GS2,45692,53.15525886999999,-27.689079758,0.2745752804573193,0.002706077172764526,17.472883828074,3.13766523663477,16340.055095462834
GS3,47120,53.158769858,-27.68711149499999,0.2008176883325821,0.013460667290152127,17.3269683292007,1.4913671564961601,15394.482764423703
GN3,36135,189.25207889,62.33515499199999,0.3058224584858218,0.05309609074288102,17.1509150071996,3.8470233048508398,16740.643917788235
GN4,21693,189.23252415,62.24847398999999,0.2867762710963165,0.10061006379685893,17.127375432824202,4.786362888683501,16496.471795454778
GN5,33397,189.1754698206713,62.31434661897602,0.246513474597317,0.011038860195938863,16.7590762780839,3.66749489916967,15980.302744337603
GN5,27888,189.150618550126,62.28242109736159,0.228266405991527,0.01098384445349905,16.5497998742918,2.0693314248472,15746.375324811375
GS4,27660,53.13061372999999,-27.785135947,0.1081796075625966,0.12481318757414041,15.7225082396669,5.21668275511245,14206.86256895249
GS5,41159,53.12298432095703,-27.71810620179357,0.1939086891069049,0.024649314038419967,15.372873514801,4.90861036851725,15305.90939435052
ERSPRIME,41397,53.06482797568241,-27.7166265510024,0.249730348666801,0.03296334784413842,15.1435477571017,1.56590019224807,16021.543069908388
GN2,14883,189.27500949,62.21602881,0.3017408732236765,0.0294074500911712,14.719824060523202,2.61532237209144,16688.317994727535
GN2,15610,189.21272212,62.222423294,0.1992416776871956,0.007587635137700887,14.520550395692299,2.31713944538328,15374.27830794985
GN2,13473,189.19602399,62.21025836699999,0.3203801910735886,0.0037753312951042607,13.8719678441403,22.1827220634138,16927.274049563406
GN5,30595,189.22184871,62.293999462,0.2907212365542207,0.4626340344888982,13.851334828350598,4.874340242840581,16547.04625262511
GS3,37720,53.13910594400036,-27.73030499000032,0.1057641937295049,0.006804441036278938,13.412300376764,2.4807509608574,14175.896963612253
GS3,36971,53.170712538,-27.738578971,0.2757395186422812,0.009221923186823038,13.1465323554454,0.9294052886560291,16354.980628994046
GN1,35952,189.30672151,62.334217007,0.2415309308306832,0.05389802172252921,12.6261690595057,3.8801186704046295,15916.42653324936
GS4,25995,53.20545033099982,-27.79062415200023,0.01317168263952588,0.16267203689738052,11.386759941166801,3.24299683921707,12988.860971438722
GS4,26915,53.16515895500091,-27.7858663779991,0.008409204224163892,0.004078665934038801,10.9418745861401,0.53786606008967,12927.80599815378
GS4,19745,53.19992213299768,-27.81546262299473,0.2325188993696834,0.0032757554244218987,10.9347485447755,0.959631084312804,15800.89228991934
GS5,40859,53.11050530892702,-27.71771286091154,0.2130687507639269,0.010203939289632723,10.896418823315,1.8740975922057201,15551.541384793542
GN4,22933,189.3339954701966,62.25515386601801,0.2195768565520065,1.7418834289126235,9.76722304326183,0.760524888878797,15634.975300996723
GS4,29861,53.16195966200001,-27.773905269,0.2720688083300505,0.00787147659266015,9.67728743517367,1.34691387875065,16307.922122791246
GS5,41139,53.12912177715047,-27.71829625402348,0.01198785874344596,0.09369614656467928,9.183679303943261,0.621906545277457,12973.684349090976
GS4,30762,53.137570013,-27.769100431,0.2690859881432668,0.009736798984626486,9.168047615710549,0.9726368782807859,16269.68236799668
GN1,36812,189.30834075,62.342866159,0.3042038179289996,0.0038058389772703664,8.38674742245173,1.20964736526278,16719.892945849777
GN2,14877,189.21173625,62.21554457500001,0.3153455399946757,0.011182997468128583,8.06339564359287,4.93663191056758,16862.72982273174
GN3,37334,189.2444782,62.35108260599999,0.01744244581302648,0.009314310024925635,8.03471659870722,1.4178663292751599,13043.612155322999
GN2,14084,189.20778415,62.21173793299999,0.1013195546010889,0.010529544838611378,7.278095417675741,0.9882748562869801,14118.916689985961
GS3,44959,53.13978534100001,-27.70011413200001,0.2131914961570073,0.48580549517306115,7.26713225054541,0.8043421722052919,15553.114980732835
GS4,22082,53.18347340899999,-27.80676422800001,0.05712712813237598,0.5263623952113444,7.10477810853023,0.855483957076365,13552.36978265706
GN1,37706,189.29744924,62.36179820000002,0.09846095985136001,0.24002449787991964,7.0802104408202,3.2350257279630097,14082.269505294435
GN2,13882,189.1948602,62.21030812599999,0.3106831231078651,0.015705605914523375,6.80755612467563,1.71405263814079,16802.95763824283
GS5,43071,53.122589312,-27.707907687,0.1608178570662489,0.016435051604473252,6.80045146444753,1.2898538289015,14881.684927589311
GN4,26542,189.25788493,62.27269046300001,0.266984509489912,0.2774757820011489,6.76779728540877,0.600446531071398,16242.74141166067
GN4,22583,189.3379328504185,62.25377458005946,0.1833531799097409,0.2177547027770197,6.67745271037838,0.896032432193947,15170.587766442879
GN7,17963,189.1534668,62.23099412800001,0.2116058729064601,6.563121649022766,6.48697348830411,1.32018888061785,15532.787290660817
GN3,33397,189.17546982,62.314346623,0.245052751020829,0.01084117783632914,6.15906774066491,1.9088266921288,15961.576268087027
GN1,37793,189.31294889,62.364026538,0.07353690209345039,0.019327292491018305,6.14355850177372,1.16524196952163,13762.743084838034
GN4,28683,189.2833692,62.28415209200001,0.2028012418473646,0.05384877763405526,6.1165833968967105,1.7020807792289399,15419.911920483213
GN3,28683,189.2833692,62.28415209200001,0.2028031184289197,0.05382199784761192,6.11472147161011,1.70182240645054,15419.935978258749
GS2,44959,53.139785341,-27.700114132,0.01082253792771984,0.0059707386452046134,6.03973511120984,0.676981904206988,12958.744936233368
GS2,41480,53.13365651400002,-27.71621014399999,0.232487199804541,0.12689191897327812,6.03017797039441,1.66787080237266,15800.485901494216
GS4,27549,53.14471326884141,-27.78544132748693,0.2466535626540622,0.0007064277381128936,5.94629698649478,0.44132892234342297,15982.098673225079
GS3,41882,53.17334823800001,-27.71496352199999,0.2372331423645062,0.006874293503334503,5.92866936393266,1.6055047467413999,15861.32888511297
GN3,30243,189.21445465,62.29254371200002,0.2143951190464114,0.005039606202921825,5.921045980724,0.760087803944843,15568.545426174995
GN3,30044,189.21275648,62.29212720099998,0.3174601307404092,0.006945126262484388,5.89116592669209,9.46946753359092,16889.838876092046
GS4,26639,53.14211591688386,-27.78669472504702,0.2287977853651849,0.0056850444137075224,5.86607480710474,0.862925903265404,15753.187608381671
GN3,26767,189.26841052,62.273275856,0.2833850336170852,0.11603389731895172,5.81082686501297,1.5231244646565598,16452.99613097103
GN2,10678,189.25749788,62.195523583,0.01211226966776653,0.09874619946300839,5.751486074514389,1.9121161124989001,12975.279297140765
GS4,24446,53.17209804300001,-27.79696411000002,0.3243591486458779,0.0039001043084820027,5.71854302577548,3.87567294659673,16978.284285640155
GS4,25934,53.18656355307373,-27.79023332502855,0.1269585316467,0.007290539137053028,5.69937340665894,1.77882186860636,14447.608375710695
ERSPRIME,39634,53.07823745299999,-27.724923823,0.193187218594363,0.022971366212235455,5.69061790642497,1.5410297416519099,15296.660142379735
GN3,31751,189.311544,62.30186618399998,0.3020183332973115,0.051208714389404705,5.66057398338117,1.57111831652297,16691.875032871532
GN3,36506,189.26044846,62.33912226099999,0.1505663912437275,0.11119095093641213,5.314514969308839,2.0500631701208,14750.261135744588
GN3,31334,189.34837938,62.29858130200001,0.1278880296188023,0.17360563001920323,5.08799806415217,2.41441968320521,14459.524539713046
GN4,24566,189.3026368608054,62.2624333345063,0.1388594086421719,0.3467897667583386,5.05662617360935,2.19068901906113,14600.177618792644
GN2,20344,189.14604922,62.241581175,0.2890702830169201,0.056529262775349726,5.02699806981731,3.30420519486111,16525.881028276915
GN4,29517,189.27177386,62.28803120900002,0.3142368502228829,0.10182483821535919,4.93500602151988,1.97334097764658,16848.51641985736
GS3,41480,53.13365651400002,-27.71621014399999,0.2302182025216107,0.09817172635721844,4.92331543948733,1.58995168470434,15771.397356327048
GS2,45518,53.154086915,-27.69792974,0.2818814162464867,0.005264621278580262,4.87117851404031,1.05949125423011,16433.71975627996
GS1,49194,53.244338731,-27.676792622,0.2029154170251568,0.041579663347308816,4.86158047657118,2.30348825353671,15421.37564626251
GS4,30082,53.13972610300002,-27.77315210200002,0.2823547034761341,0.009431457302434759,4.80721371950648,1.20939481860388,16439.78729856404
GN4,26767,189.26841052,62.27327585599999,0.2140607069098986,0.2743264473903232,4.78704599711895,1.45813182475995,15564.258262584899
GN3,29517,189.27177386,62.28803120900002,0.3156669672995182,0.060113543621576206,4.70494463084204,1.95027070334117,16866.850520779823
GS4,26696,53.19564104531577,-27.78777124362778,0.2263884209328076,0.0031452829992899556,4.62663424899969,0.9282033550494021,15722.299556358592
GN2,22443,189.2412273699808,62.25200297902295,0.08200928573646311,0.20018740421408263,4.60743352306491,2.66293581982933,13871.359043141458
GS3,37673,53.18800104999999,-27.73540532099999,0.2939680211556184,0.5026353818233847,4.5792044409195904,5.2387908018758695,16588.670031215028
GN3,31752,189.34123015,62.30173318999999,0.1173311248371484,0.009004344061514164,4.54552642423811,1.01089541472326,14324.185020412244
GN7,16039,189.15472309,62.22108721700002,0.152960431443173,0.2773608335754844,4.54298779918475,2.72319055534945,14780.952731101477
GN4,20766,189.23994543,62.243866149,0.2310879780094346,0.08278848131155367,4.52613436483766,2.80589729735957,15782.547878080952
GN2,14371,189.2448204,62.21456156799999,0.3246759017669364,0.008586789535828889,4.44799355304204,17.6970142234145,16982.345060652122
GN1,37914,189.32995052,62.36835912200001,0.2843327839953125,0.0077995454030602,4.44628391833016,0.9656985929522011,16465.146290819906
GN1,37508,189.32163207,62.355159896,0.2450471634057537,0.049440928319593166,4.41380763492996,1.7332172241794799,15961.504634861762
GS4,22346,53.18404827800001,-27.80656953499998,0.01216917048223908,0.08431205408081718,4.4007422109639,2.04658209712947,12976.008765582304
GN3,33511,189.23454989,62.31476841,0.2564012777548507,0.009254443227783871,4.37180834323876,1.18772865255872,16107.064380817186
GN2,23361,189.210585230043,62.25671784001764,0.2639445915376815,0.06527896064300448,4.32158467902427,1.75768551008325,16203.769663513076
GN7,19340,189.07259835,62.237899494,0.1563618926365861,0.005430632004381397,4.25797010062911,0.713742397004843,14824.559463601036
GN5,30044,189.21275648,62.29212720099998,0.3183212149595999,0.008842495587656098,4.22687949050627,9.508520436807421,16900.87797578207
GN4,28496,189.27490206,62.28264463,0.3211311499422036,0.09767084571811453,4.152006456100049,4.59790997378314,16936.90134225905
GN3,28496,189.27490206,62.28264462999999,0.3212621951129289,0.09891896413752246,4.13743055594837,4.59880035712264,16938.581341347748
GN3,34368,189.33852596,62.32096804899998,0.2284243630292977,0.005207479734088531,4.1323714787567,0.995736555171028,15748.400334035596
GN3,34077,189.21093005,62.317701301,0.2481206951851821,0.013335969497628386,4.11692172025264,0.936844812425672,16000.907312274034
GN2,21829,189.18371865,62.24985236500001,0.2601189857366626,0.00612322560466514,4.1112401519200406,0.617875393716807,16154.725397144015
GN3,35952,189.30672151,62.33421700699998,0.260204324588675,0.045734607302758815,4.10151423319058,1.96889711138668,16155.819441226813
GN4,20539,189.29292407,62.24304641900001,0.2018730643929252,0.5319576993985382,4.07409348972427,0.9685902016875619,15408.0126855173
GS3,39972,53.188608791,-27.72393118199999,0.247183342128615,0.1381936674032561,4.07080859382604,2.04091956054779,15988.890446088843
GN3,32586,189.33962701,62.306742898,0.01070435331723754,0.0033738328318604406,4.05592968972745,0.49968480478151295,12957.229809526985
ERSPRIME,44465,53.05033966000001,-27.703407744,0.2433704904256431,0.005168532593302908,4.03262795207142,1.03895675375783,15940.009687256745
GN4,24611,189.3590578192805,62.26414012808544,0.2623648743074986,0.01525848232575925,3.99465281974288,1.63838167271188,16183.517688622132
GN1,36552,189.29349445,62.33973731199999,0.2317637822025297,0.1450933585328336,3.92288782116172,1.84821876265576,15791.211687836432
GN1,37683,189.30608926,62.360349807,0.2774810736218118,0.001144388341171671,3.9078466906508296,1.36705420761725,16377.307363831627
GN2,18157,189.18229328,62.23245815499999,0.1968138893998585,0.027063765897924377,3.88996026806824,1.62764684413804,15343.154062106187
GN4,23308,189.27414766,62.25698243600002,0.29824804912284,0.00751903771646069,3.88343430922656,3.3547816810462,16643.53998975481
GN7,11619,189.11498917,62.19957102299999,0.2829916553096513,0.010665004515152782,3.8731629047749796,0.986516462563363,16447.95302106973
GS4,25632,53.15463536626137,-27.79323794081716,0.2326235439075441,0.011919234994931754,3.86022492274025,0.634512232101011,15802.233832894715
GN1,37306,189.32843714,62.350819623,0.1035253670747726,0.07034543970485108,3.84686465897468,0.488524730582676,14147.195205898586
GS4,17713,53.12535519562859,-27.82998218555268,0.1985206672779233,0.044759799418523566,3.8322887259764298,2.38531316653425,15365.034954502979
GN7,17971,189.10654067,62.23062787199999,0.1432920715436597,0.00771662654162469,3.82813032481785,0.290886537189887,14657.004357189717
GS5,37937,53.10797413461698,-27.7337454241435,0.2779353003366648,0.0007179534143168507,3.66047585380881,0.667336543001791,16383.130550316042
GS4,21327,53.19671879499982,-27.81075122099958,0.1015239405479868,0.048202152861191214,3.6150618228167097,0.551772672396173,14121.536917825191
GN4,19075,189.25353921,62.23558828300001,0.01070679583003924,0.0032174879507129504,3.5420639257717896,0.49864223723789697,12957.261122541104
GN3,34312,189.19187186,62.31952767999999,0.2930949096876571,0.21801030220694015,3.51370605417044,1.49160073009212,16577.476742195766
GN5,31575,189.16995578,62.30038815499999,0.2867164383465742,0.12583988613826722,3.48523913685484,4.47519968889504,16495.70473960308
GN4,15255,189.27384778,62.21758860700001,0.1744901215269751,0.03107042700250588,3.4814966985861195,1.41728621638588,15056.963357975821
GN1,36968,189.32673442,62.34633065299999,0.2599228660199431,0.03706278381617594,3.4587081109837596,1.39538959139366,16152.21114237567
GN7,20355,189.11756013,62.24247484499999,0.02477907984525787,0.03136855136879095,3.37029322060315,0.569956945553531,13137.667803616205
GN3,31985,189.29106344,62.30194422499999,0.09602781126964965,0.23163956409797257,3.3147061769633,1.06543268359926,14051.076540476906
GN4,28191,189.32380965,62.28059969800001,0.1243186643220474,2.532513254989493,3.3062588675435602,1.1657916099313799,14413.765276608647
GN4,23054,189.28490569,62.25501363699998,0.283046010372837,0.017791017330326234,3.30370850916914,1.66325415014249,16448.64985297977
GS3,40457,53.160331574,-27.720494582,0.1381881134665205,0.033167890294336734,3.1846732885146403,2.03293227010865,14591.571614640794
GS3,36009,53.13949235500003,-27.74177221500002,0.1457451428687669,0.027368189435656016,3.1813478898402,2.12191872538144,14688.45273157759
GN2,15831,189.22973464,62.21984375499999,0.2880036650285361,0.009187931139826128,3.1322414507521903,0.906579326819543,16512.20698566583
GN5,33249,189.2077221527124,62.31109623777222,0.2343339459532293,0.12793665794263642,3.1227880988894903,0.794631487723119,15824.161187120399
GN3,37444,189.27005966,62.35332550899999,0.1145306281306512,0.2279374138043832,3.04899703945888,1.49434927931742,14288.282652634949
GN7,23455,189.12915603,62.257711464,0.2315478343773922,0.040126358852853795,3.01504554205828,0.40345088669699203,15788.443236718169
GS1,45480,53.24451536900001,-27.69838867099999,0.2527754957347967,0.0029776437219236696,2.95864633307237,0.245726917699531,16060.581855320093
GS1,46932,53.254667931,-27.688191457,0.1463987643592102,0.008397046459990263,2.9117145518216203,1.09750751882441,14696.832159085074
GN4,16797,189.27242902,62.22464058399999,0.2587496779048298,0.07387404431264535,2.87808456070334,3.2317890621949497,16137.170870739918
GN1,37840,189.32628558,62.365819129,0.2499843226202809,0.07290788407437727,2.77861859072519,2.30588137186542,16024.799015992001
GN3,28227,189.31697534,62.281061886,0.2916796179395012,0.02402119166850843,2.77185382460597,1.23601716372341,16559.332701984404
GN2,21706,189.2205924602891,62.24836701071322,0.03437146292386142,0.22926694913539922,2.76414679870501,1.09065545164802,13260.642154683903
GS1,46668,53.25019003000001,-27.69080919299999,0.1439807703893898,0.01163211389807207,2.73343016055384,0.9435581748185949,14665.833476391977
GN2,22158,189.1708834,62.25026430499999,0.2630822148951646,0.011918701366320235,2.61896365165595,0.45893083507488097,16192.71399495601
GS1,48727,53.273501972,-27.681047348,0.305345754366881,0.030944657000723248,2.58400668812479,1.16610763797297,16734.532570983414
ERSPRIME,39968,53.08651836079184,-27.72426480067279,0.2147569236325532,0.1400117566387339,2.58138179103522,0.40863884371664605,15573.183760969334
GN2,21693,189.2325241499276,62.24847399031422,0.2819808192873829,0.02346218227192973,2.51928899395695,1.4327140984393398,16434.99410326425
GN3,35536,189.31465882,62.330221497,0.1089281340240069,0.20452288163203472,2.51037311928917,1.2080836938252901,14216.458678187768
GN7,15930,189.09044473,62.220474693,0.2365629944780824,0.017258280733643255,2.49059371450748,0.751345392662771,15852.737589209017
GN3,36624,189.25885561,62.34028339699998,0.01746161085483382,0.010884128752759504,2.4875693007758,0.506524336428172,13043.85785115897
GS4,22172,53.16803475300021,-27.80741274299982,0.3092345519464594,0.01040173352281383,2.47546553463954,2.02371899555015,16784.38695595361
GS3,34819,53.13149268600193,-27.74853386399987,0.2158582468274464,0.4792117482076446,2.45681672629439,0.5608947086310759,15587.302724327863
GS5,39828,53.11169283099802,-27.72462953199791,0.2450334188154798,0.07312113984015532,2.4166654432459698,1.51374203677997,15961.328429214453
GN7,19620,189.08537677,62.23836119,0.1016982864573092,1.5976290070234367,2.32408926249748,0.279185679636973,14123.772032382705
GS2,48026,53.159321137,-27.685217448,0.07560964962673439,1.2185424725767213,2.29437943876214,1.75870006645224,13789.315708214735
GS3,40188,53.178022096,-27.72296415500001,0.2093092656089916,0.12894950021023285,2.27920678913115,0.961693582562975,15503.344785107272
GS4,18761,53.14989774586259,-27.82389668194698,0.256136065183405,0.06881047118634859,2.23446462934744,0.8850299866894401,16103.664355651252
GS4,19019,53.13836494298956,-27.82245231002167,0.141524239633242,0.02812666558258735,2.23311694203694,1.04188538774052,14634.340752098164
GN3,32567,189.32013144,62.30596550600001,0.2016673869477662,0.24052359319268743,2.22812523507875,0.7839799737726371,15405.375900670364
GN3,26542,189.25788493,62.27269046300001,0.2770679420682632,0.016973953458140064,2.22682500968764,0.5377839037688981,16372.011017315133
GN7,19698,189.11433797,62.238707554,0.08308535000667717,0.11086306505153952,2.21491711486813,0.9162864598420101,13885.154187085602
GS1,45667,53.242479329,-27.697378397,0.1182171527145106,0.5060831554559792,2.20792620211075,0.9028955273650611,14335.543897800026
GN7,20457,189.14395296,62.24235085000001,0.2365374894107167,0.0051004781921182175,2.1792619338711,0.397592178126342,15852.410614245387
GS1,44130,53.252593708,-27.70414735,0.2631060334947889,0.001911613852643927,2.17484930023605,0.9281145578279401,16193.019349403192
GS4,20623,53.15782802535228,-27.81475178251794,0.2837762265503452,0.02736311781752491,2.16950576858886,1.4342458447818198,16458.011224375427
GN4,17942,189.25842188,62.230332592,0.3161352090916525,0.05258209051327935,2.1685322140037697,5.02070619418924,16872.853380554985
GN7,18718,189.07013408,62.23391118499999,0.06538664410868224,0.10487807529277629,2.15060029391209,0.555355034404852,13658.256777473307
GS3,42593,53.155797828,-27.71195152799999,0.2447388634159697,0.018347940816205083,2.10359105278168,0.7670305819894769,15957.552228992732
GN7,17550,189.11330789,62.22864482899999,0.07483461425240998,0.2982476959326448,2.04780159684021,0.658671144103587,13779.379754715896
GS3,38727,53.177301217,-27.730087614,0.1908128143263283,0.04364668682730262,2.00616588853833,1.20052785793792,15266.22027966353
GN4,15957,189.27675077,62.22058013100002,0.04485407297348445,0.057674085817697375,1.99379548228247,0.437853634183001,13395.029215520071
GN4,31871,189.24789322,62.30155943099999,0.209263392386002,0.11809579995098489,1.95582305832163,0.623765724383543,15502.756690388544
GS2,49771,53.140583777,-27.67298104899999,0.2749025730921826,0.049702848588614755,1.94538182949105,0.626648079476518,16344.25098704178
GN7,19801,189.12450811,62.23933482499999,0.04904405380981466,0.050033610008507375,1.9444114824990801,0.510048844142416,13448.744769841824
GN7,16132,189.10188885,62.22127260899999,0.03271222970846387,1.7921666397604064,1.9309728225468699,0.631500867504448,13239.370784862507
GN4,24150,189.3666294270855,62.2607137387247,0.130989106425119,0.3242853830889776,1.9286339118050502,0.7505622656644411,14499.280344370025
GS3,35433,53.14152524699999,-27.745829142,0.2563797685002024,0.01788699191841885,1.92699766753314,1.31215388335459,16106.788632172596
GS3,37608,53.17089271399998,-27.73565032400001,0.1599141702341826,0.09326119617956592,1.92071620732818,1.29856289506399,14870.099662402221
GS1,47433,53.257342596,-27.686861957,0.1810672820816941,0.0215890621439993,1.90612070317648,1.02188076862069,15141.282556287319
GS3,36001,53.153962855,-27.74363426099999,0.012110419801684,0.092992632257246,1.90531486792616,0.43695056585738906,12975.255581857587
GN4,24641,189.3232745008023,62.26296473866948,0.2174291706742333,0.10668770524723223,1.8964846062565202,1.09126470278717,15607.441968043671
GN5,27568,189.1590736297529,62.27773653228233,0.1082618838703929,2.04202570267357,1.8927435067002698,1.06360660813779,14207.917351218435
GN2,18530,189.17269729,62.23310672699998,0.01070692222264049,0.0032100141440388964,1.84355148398092,0.994654094738613,12957.262742894252
GS3,36000,53.169500085,-27.743838603,0.190637011895271,0.0996188568062181,1.83705040089016,0.844436340681389,15263.966492497373
ERSPRIME,39939,53.07775321499999,-27.724050076,0.2615069413997454,0.015029919455534084,1.8047651873757,0.8702374114827139,16172.518988744738
GS4,21260,53.153119714,-27.812084315,0.2054905893121175,0.01093173824710827,1.7992556067727798,0.961277899426799,15454.389354981346
GN3,34903,189.22579457,62.323885732,0.164251245088491,0.40194880566415153,1.76599933035758,0.73614487832391,14925.700962034454
GN5,31789,189.13319449,62.30335291399998,0.2559362191267022,0.01779087489810485,1.7595504706935299,0.54389576326874,16101.102329204323
GS2,47951,53.143486725,-27.685681664,0.2501596092104214,0.006331500541430469,1.74517793393376,0.326565377096318,16027.046190077603
GN4,27689,189.25178857,62.27917241099998,0.1075989215276381,0.10442632387769346,1.7394850750542,0.8697092024416689,14199.41817398432
GN3,27689,189.25178857,62.279172411,0.1076127172138365,0.10421725829055514,1.7374843125853399,0.8691447486869861,14199.595034681384
GN3,31871,189.24789322,62.30155943099998,0.2412158021721158,0.19104045144521656,1.71645440489764,2.46671592627391,15912.386583846524
GN2,12088,189.25355121,62.20206570300001,0.2155408691691401,0.11942271724596482,1.71594168790195,1.00126223691001,15583.233942748375
GS2,42937,53.110508708,-27.71023274299998,0.01758642722006354,3.1157119120907955,1.67912031292051,1.11039354617976,13045.457996961213
GN7,16931,189.10074087,62.225702316,0.04537090004224412,0.03133839961565905,1.66341434453681,0.270713871835492,13401.654938541571
GN2,10664,189.23312616,62.194622425,0.03144957260646911,0.06738955606614044,1.61114907741441,0.410038323402506,13223.183520814935
ERSPRIME,43823,53.077047564,-27.705928456,0.05044940604566672,0.09435750358864999,1.61106514354347,0.467245949767032,13466.76138550545
GN7,20965,189.08917426,62.24523195199999,0.01386762152014114,0.21262826954031547,1.57317648482713,0.44325444728027497,12997.78290788821
GS3,34682,53.15581561199998,-27.749144039,0.1040482993612412,0.10993337493545309,1.56574353321087,1.26657837485782,14153.899197811113
GS4,25036,53.20139228700001,-27.794152196,0.3091640077997697,0.08478320042047875,1.5312467469813,0.903552580552545,16783.482579993048
GN4,27916,189.25181427,62.28004695199999,0.3045787948892321,0.12727362558680064,1.49913404502675,2.84257569339803,16724.700150479955
GN4,25348,189.351059857014,62.26606980719691,0.01620564846348901,0.43069251963213534,1.4901105390515499,1.38039403096964,13027.756413301928
GN1,36521,189.31417898,62.340441925,0.2236639465193783,0.050073920603417206,1.4895666927475102,0.969983286152322,15687.37179437843
GN2,10375,189.25320652,62.19345662299999,0.2888250396068268,0.01969112813997858,1.48044220275949,0.46813785118223905,16522.73700775952
GS5,42937,53.110508708,-27.710232743,0.1159884694920862,0.48191934903893424,1.47808636527166,1.20683672899802,14306.972178888547
GN3,27916,189.25181427,62.28004695200001,0.3047363079815542,0.12744597545414513,1.4703003667707801,2.8601618929983696,16726.719468323525
GS1,45590,53.264700581,-27.697046108,0.2019650773341064,0.03299752860944752,1.46199010374271,1.3905139363716301,15409.192291423244
GN2,14701,189.24295114,62.21421665399998,0.2444789680373674,0.1132048542076347,1.45851869918029,0.7626557826950751,15954.220370239049
GN3,32625,189.22503381,62.30658792700001,0.3081696042415835,0.06453648605330976,1.3922858218542198,1.8026139560129701,16770.7343263771
GN4,22927,189.3088691967145,62.25466162488957,0.3000954430170168,0.004364803611607991,1.38843124869735,0.826107517227377,16667.223579478155
GS5,38414,53.09795286709032,-27.7315287442874,0.06495669009569957,0.47123141701071425,1.37235875432192,1.1905996877879599,13652.744767026867
GS2,44263,53.15584191899999,-27.703586157,0.2009659628870936,0.13698812570077992,1.3714197910269998,0.678277236516179,15396.383644212541
GN5,30243,189.21445465,62.29254371200002,0.2132622579193781,0.005810891332707726,1.35452914867044,0.6674668525021991,15554.022146526428
GN3,30595,189.22184871,62.293999462,0.2559384394592448,0.43606329096723717,1.32563500921728,0.5108620183573,16101.130793867518
GS2,41454,53.13295365400001,-27.716648577,0.2124954124216075,0.7391426093034351,1.3219288582328002,0.63853509543269,15544.191187245007
GN3,31029,189.31058054,62.29801273899999,0.01070458951094775,0.0033788003611923143,1.3154724556891801,0.667369689358218,12957.23283753035
GS4,20818,53.20293934499754,-27.8144156299958,0.1981683441526102,0.14204441713008012,1.31412241680631,0.789881004003454,15360.518172036464
GS3,41454,53.13295365400001,-27.716648577,0.2139734359509152,0.7425521533485906,1.31398562173172,0.63636887006008,15563.139448890732
GN3,34154,189.34566771,62.31765223499998,0.06478244284512877,0.09576427130366193,1.2946754656041,0.580158247052411,13650.51091727455
GN4,30796,189.23421974,62.29525272199999,0.0201252265647322,0.5507902067701755,1.2825834016565099,0.835054768748575,13078.005404559868
GS2,43071,53.12258931200001,-27.707907687,0.1619591048976966,0.031142015653425226,1.26932314873673,1.59144519934749,14896.315724788472
GN3,33175,189.22739126,62.31041186499998,0.1957128569420319,0.16251694408213374,1.26588220579372,1.114123550685,15329.03882599685
GN5,32304,189.14580836,62.30516221700001,0.1245373083197936,0.5002658475678544,1.24856015145194,0.631558497533533,14416.568292659755
GN5,31832,189.15874746,62.301455239,0.295035600725038,0.00672487916549733,1.2450679718625302,0.5987133783631461,16602.35640129499
GN4,31664,189.28219108,62.300279028,0.1313121401203689,0.20230035530477739,1.23151286476178,1.0067843294115901,14503.42163634313
GS3,44263,53.15584191899999,-27.703586157,0.2030796712805218,0.10935924250150428,1.2104496097420898,0.635774588660455,15423.48138581629
ERSPRIME,45829,53.05496275199999,-27.696651987,0.1288402850129731,0.38049180332399224,1.19710577723023,2.7376323817910997,14471.732453866314
GS4,26646,53.18153215101032,-27.78797073500447,0.1998051779170048,0.012060308875830024,1.1889637142179,0.679599385030883,15381.502380896
GN3,37098,189.24934343,62.347279789,0.2078731262942473,0.07567677046136528,1.18564494515817,0.819876331119414,15484.93347909225
GN4,20320,189.25127265,62.24228329600001,0.1080229083175951,0.021865680002202105,1.18360755926369,0.533724158335844,14204.853684631571
GN4,30727,189.28095568,62.29455529599998,0.1880356760859567,0.8334943765046557,1.1783615741273399,0.541241347442439,15230.617367421964
GS4,24915,53.20528789899999,-27.79578458500001,0.0136553573148887,0.2038062581679049,1.1770190198531099,2.25994174817221,12995.061680776875
GN3,33609,189.28693881,62.313735945,0.1659239511995123,0.07734520913021917,1.16134361717437,1.45099312513365,14947.145054377748
GS2,42593,53.155797828,-27.71195152799999,0.242599890108785,0.021750392345742966,1.14762184696477,0.7162030943778931,15930.130591194622
GN3,33249,189.20772202,62.311096125,0.1824334691266667,0.04635517407221667,1.13786797505235,0.7277224443626331,15158.797074203867
GS4,23394,53.189082778,-27.800987006,0.1883496677700789,0.18628592848154907,1.0938814452265802,0.894599862280042,15234.642740812411
GS5,42110,53.10788135564498,-27.71364210758264,0.2584594516103078,0.33897635955415606,1.05485288244145,0.35386640948854203,16133.450169644146
GS5,40984,53.10429326965995,-27.71835702111085,0.01744086293317134,0.009197524199446031,1.0497263431236201,0.433380345194835,13043.591862803256
GN4,27282,189.3223098987691,62.27648708958274,0.213337750633771,0.010059137555565797,1.012405257257,0.486977164420499,15554.989963124945
GN7,24360,189.1071509,62.261683855,0.0397548682975081,0.24287802429956276,1.0090537875008299,0.527720977069058,13329.657411574055
GN2,14583,189.19155761,62.21400005700001,0.07495868103977842,0.10351973784798424,0.999825895687207,0.39396603553788395,13780.97029092996
GN3,32713,189.22026019,62.30720147799998,0.2674514320109931,0.12745996190309206,0.986595855336468,0.526753500706962,16248.727358380931
GN1,37721,189.30178867,62.361079026,0.02696022314004476,0.026920776347973692,0.964817353196662,0.47843014601837996,13165.630060655374
GN3,36552,189.29349445,62.33973731199999,0.2561042159192711,0.09568826720790707,0.9582314047395739,0.867863260834839,16103.256048085055
ERSPRIME,43020,53.06609460526571,-27.70973663060083,0.2485934638782807,0.006558171781551205,0.950369160224738,0.612622893334038,16006.968206919559
ERSPRIME,38105,53.0809488766007,-27.73301786512051,0.2611438889616371,0.3687243274379065,0.935418346772081,0.238726711128948,16167.864656488187
GN7,22913,189.10082634,62.25403464199998,0.2155891809640009,0.25790330317351196,0.934448989395906,0.339918701644307,15583.853299958491
GS4,20637,53.17315201400142,-27.81333571799794,0.1478990357944035,0.0330577508355041,0.932463654361632,1.5706874385789802,14716.065638884253
GS3,39564,53.17732428600002,-27.72556110799999,0.2528897508817713,0.06111482420033002,0.9320022706184651,0.427817864551479,16062.04660630431
GN3,30995,189.31191805,62.29650819400001,0.1214036068376848,0.12627229131263543,0.9301163480574111,0.90148045058611,14376.394239659117
GN3,37555,189.26732495,62.356712025,0.2503931862009999,0.10157953950587546,0.926397808273546,1.0603103944008199,16030.040647096817
GS1,48448,53.247196061,-27.68278810900001,0.2595122787425688,0.00889182014777426,0.924549867988736,0.68373328892338,16146.947413479731
GN1,37555,189.26732495,62.356712025,0.263790795436706,0.08518620994490432,0.9241838412802641,1.78685055237426,16201.797997498572
GS5,38240,53.09738479929908,-27.7324595257557,0.2999715086209908,0.011342678735626445,0.921079819228911,1.39931093616435,16665.6347405211
GN7,14502,189.15589743,62.213612074,0.3040486456380262,2.392135928028479,0.905161322739885,0.439783872816823,16717.903637079497
GS5,44048,53.09674802400001,-27.704334493,0.2481154980013341,0.017621559527791774,0.899875055285953,0.316111456055713,16000.840684377103
GN3,34023,189.21240082,62.31722371799999,0.02936427212271197,1.1603084473417344,0.8823636846869789,0.868031908274798,13196.449968613166
GN7,15908,189.14276992,62.220615819,0.01744335283430463,0.00895553007335999,0.8545439943544569,0.6221224155021,13043.623783335785
GN2,25434,189.2308444598388,62.26632313788414,0.05844717301194464,0.25949017173647543,0.8536031679295419,0.436503557649208,13569.29275801313
GN3,32823,189.34227195,62.30797762699999,0.1345694112110415,0.45458612067276993,0.84309308635359,0.449982821023669,14545.179851725554
GS4,32140,53.122056305,-27.76437329699999,0.07649030615323088,0.8443608697351354,0.841524777166514,0.7149373355772171,13800.60572488442
GS3,34419,53.16483782299482,-27.75203322199877,0.2707008637860953,0.007291579723758311,0.841177675172373,0.42659964710562903,16290.385073737742
GS5,47656,53.12467474300001,-27.687366281,0.07639429636703625,0.08797471715374418,0.836991386431864,1.6843668127765699,13799.374879425406
GN3,35455,189.33207441,62.32866916999999,0.2059586465931771,0.15367238943375552,0.8165377454689601,0.5576697608683531,15460.38984932453
GN1,37614,189.34019404,62.357355156,0.2898237337119585,0.012746496554487067,0.815894649386853,0.498898702513766,16535.54026618731
GN7,16222,189.09088288,62.222271781,0.01598476153445646,0.2716736242669569,0.807882771562833,0.38890059164318597,13024.92464287173
GN7,17532,189.11340761,62.22841271299998,0.02530046661033371,0.20695928509623013,0.800606314057209,0.21077191945434298,13144.35198194448
GN3,32992,189.20270309,62.30974446300002,0.06026010973802118,0.045500481680715396,0.791519985676869,0.47802263587090604,13592.534606841431
GS4,24491,53.15178043698857,-27.79738718306406,0.01169850368233024,0.06174374122312129,0.7872781704313441,0.7344120002773279,12969.974817207474
GS2,43700,53.10537972,-27.70672337299999,0.06148726825672893,0.025559134501777974,0.78168370180898,0.44193199876093797,13608.266779051264
GN3,30727,189.28095568,62.29455529600001,0.1808592583596741,0.8634432695677758,0.76760971326885,0.571543559768377,15138.61569217102
GN3,31995,189.28676757,62.30500277200001,0.228540154006289,0.023004100885021344,0.756273844680539,0.972165442281165,15749.884774360626
GN2,17963,189.1534668,62.23099412800001,0.1970735463674067,0.11618127658698069,0.7543891906649489,0.40150890072397005,15346.482864430154
ERSPRIME,42502,53.06568401450761,-27.71184852348733,0.203935072018745,0.026204875422684237,0.748690146294504,0.447394265988508,15434.44762328031
GN5,30413,189.1439077601632,62.29326483598514,0.2837358934650138,0.03489806541229811,0.737501491155746,0.586886518789029,16457.494154221476
GN2,12818,189.25681911,62.20588843199999,0.1451335052324434,0.07136735594779739,0.725209697097808,0.478625099152566,14680.611537079923
GS4,20401,53.19222163699938,-27.81640305699441,0.1569386092417322,0.4595586287724252,0.717937775804294,1.5552478734622601,14831.952970479007
GN5,33722,189.1710427921483,62.31535816239312,0.300181765542348,0.018676586304510006,0.712938813178956,0.9621000903592619,16668.330234252902
ERSPRIME,44594,53.05261045,-27.702237217,0.2805605479145675,0.015474575166790707,0.698465237548652,2.00112678688645,16416.786224264753
GS3,37724,53.19829450400001,-27.734838828,0.2137777729068746,0.013260674066904496,0.689966734036713,0.42113802576829706,15560.631048666133
GN3,30291,189.21584993,62.293205394,0.01070680460708697,0.0032165404894789478,0.688587199786497,0.5445057584109521,12957.261235062857
GN2,23749,189.1930262008007,62.25880083516069,0.1059519466583897,1.2006172464082472,0.682675517796032,1.05085946004015,14178.303956160555
GN3,33496,189.21458868,62.313230835,0.1468784090685725,0.049940962036257655,0.6811162242740489,1.36899280699204,14702.981204259098
GN5,29999,189.161247420001,62.29060521700278,0.2008202136386656,0.2003253635868185,0.6710723264570421,0.41805198520603004,15394.515138847693
GS3,35390,53.17361845199999,-27.74685507000001,0.1436051713889649,0.19235754155134616,0.670427994933956,1.5061245140690398,14661.018297206529
GN3,31664,189.28219108,62.300279028,0.1251302428472227,0.18048078503435705,0.668271117704985,1.01700291488531,14424.169713301395
GN2,13765,189.19836654,62.21033735,0.01744141171220864,0.008929695721048138,0.666834256303529,0.435422498814031,13043.598898150514
GN5,27353,189.150612163404,62.27622940539478,0.03973659374423888,1.2055040077430086,0.6645640510933659,1.10079699632302,13329.423131801143
GN2,12056,189.19565726,62.20149332399998,0.08153096362539265,0.38858564321888034,0.661201177471788,1.54061646589104,13865.226953677535
GN5,32992,189.2027030898256,62.3097444628046,0.05660877880799556,0.18635753178744294,0.660552650074241,0.33874083485943,13545.724544318504
GN4,31995,189.28676757,62.30500277200002,0.2313140148227798,0.03590176314025426,0.657257823731438,1.33451880639704,15785.445670028035
GN7,22480,189.10156796,62.25242588799999,0.07139178873126578,0.016796385984803867,0.656605001698963,0.19057165611232502,13735.242731534829
GS2,44280,53.083227159,-27.703215805,0.08641585949877074,0.8202497404563425,0.655664529655176,0.621313969820925,13927.851318774241
GS5,44280,53.083227159,-27.703215805,0.08641585949877074,0.8202497404563425,0.655664529655176,0.621313969820925,13927.851318774241
GN7,14884,189.15500673,62.21554055299998,0.08674827618056215,0.5252641139504558,0.654364298305027,0.955577367439617,13932.112900634807
GS3,38861,53.142513058,-27.72881650600001,0.1128539811337564,0.05909638823654372,0.651289715375845,0.804607845983755,14266.788038134757
GS3,38512,53.18192946799999,-27.73137423799999,0.239242390451111,0.2886266804171707,0.646435395360284,0.608744998164846,15887.087445583242
GN4,32018,189.28464262,62.30251591,0.1931395394617797,7.657522128300826,0.6314988777410541,0.957520365580326,15296.048895900016
GN3,26910,189.27513561,62.273808635,0.2111103322623799,0.05398322361318743,0.627494359278757,0.683087619136882,15526.434459603712
GS1,46107,53.24580005399999,-27.69306066800002,0.02083631337334723,0.36967424411141914,0.61136832505192,1.4933886795297402,13087.12153744631
GN4,26910,189.27513561,62.273808635,0.2094951051830281,0.057803575748450665,0.608458817140085,0.6939068523808261,15505.72724844642
GS4,27267,53.19842690104299,-27.78486999945105,0.2690430015542928,0.014309511759980862,0.60798836748468,0.47433801882701,16269.131279926034
ERSPRIME,44831,53.04938884799999,-27.701235239,0.09751987522648196,0.034828630052188024,0.592593137437537,0.49084517697217395,14070.204800403497
GN2,23053,189.2102179401406,62.25470648807776,0.2647547173189761,0.1988790299741965,0.59070656124611,0.898868284893111,16214.155476029275
GN7,19237,189.1142449,62.236526478,0.09661693625224288,0.2323256239742151,0.583110989318059,0.6091608481534201,14058.629122753753
GS4,30658,53.147227082,-27.77146670899998,0.2771097000927815,0.01067572196490899,0.5807097805336721,0.23270921643646203,16372.546355189459
GS5,38811,53.10904772375905,-27.72973333720138,0.2021344254026895,0.08072891945873174,0.570244802526751,2.45935827722027,15411.36333366248
GN1,37192,189.31083539,62.34790714000001,0.2883361678695079,0.4620760021557471,0.566171792350099,0.44418128244430305,16516.46967208709
GS4,27473,53.12233676099999,-27.784166645,0.1655476841821539,0.08226358674666973,0.547158496069669,0.564391308575397,14942.321311215213
GS5,43700,53.10537972,-27.706723373,0.06831964053603964,2.405244815222589,0.539859849610157,0.329761215894536,13695.857791672028
ERSPRIME,42386,53.05810071355611,-27.71223418229566,0.06040316019654057,1.0773394200895505,0.514784678758463,1.11678104875952,13594.368513719648
GS3,37685,53.195835393,-27.735469025,0.2092291494261787,0.07382084152665495,0.506679622475856,0.699562085318591,15502.317695643611
GN2,18136,189.14444603,62.23161353400002,0.01651377043026393,0.09257481640367352,0.497788517031135,0.413579031009418,13031.706536915985
GS4,23425,53.19650318799999,-27.80049741299999,0.1971015352683793,0.23262227384063822,0.49132111705097603,0.611324987505089,15346.841682140623
GN5,31639,189.20690214,62.30000853299998,0.1550016519890807,0.36862008506576865,0.490747682220037,0.428839211018559,14807.121178500014
GS3,48006,53.149363669,-27.68567183599999,0.2671263281767317,0.2635063937520568,0.489182771311575,0.696518145113173,16244.559527225701
GS3,45222,53.153247749,-27.699156247,0.07254109827069469,0.5629831676397753,0.481998781778068,0.637226010164968,13749.976879830305
GN3,35732,189.29086719,62.330890987,0.2510044522181065,5.952205009321441,0.47981241181531403,0.42515889399925805,16037.877077436126
GN2,24005,189.2070535600233,62.25952191200454,0.2181832470425671,0.059728365883956636,0.469438089007429,1.02383140292745,15617.10922708571
ERSPRIME,44446,53.055578766,-27.702920906,0.1456104331294218,0.011987495695937893,0.46869375223556103,1.0265921554928998,14686.725752719185
GN3,36370,189.22938098,62.337984216,0.3022461386869172,0.1905214291287456,0.463666723038162,1.0178980153091202,16694.79549796628
GN2,25080,189.2198001899987,62.26510114599107,0.2825026071897274,0.030955988333669148,0.45366844430917097,0.36569856392784406,16441.683424172305
ERSPRIME,39042,53.073889194,-27.727806431,0.09060087945146153,0.018553903911533054,0.45043351644097496,0.273910196990421,13981.503274567736
GN2,14649,189.25235101,62.214326943,0.0674093692826731,0.4154690214404367,0.448368558099715,0.396935015179634,13684.18811420387
GN2,19010,189.19367031,62.235458525,0.1341492248028418,0.01742131040360841,0.44811959298765003,0.5920637368159479,14539.793061972432
GS5,44400,53.116882597,-27.70359516500001,0.2447197828883754,0.01567602156108988,0.432752981201682,1.04534288657183,15957.307616628972
GN3,33722,189.17104279,62.31535816900001,0.2209716855883549,0.07664394299608071,0.432427054370972,0.8548963470700269,15652.85700924271
GS2,42160,53.100185909,-27.71323588,0.2535868739993593,0.6971288075460578,0.423563736140481,0.590356639814698,16070.983724671787
GN5,31273,189.19269005,62.297883862,0.03267350931957687,0.9762718009802327,0.419006502448843,0.683205947602358,13238.874389476976
GN3,31904,189.27950379,62.30204436899998,0.07038575970266991,0.09798591282739164,0.41255053063385905,0.514300660753176,13722.34543938823
GS4,27535,53.17032351500001,-27.78526213799999,0.2765414173313187,0.006441936523782456,0.404378262357443,0.363114032402235,16365.260970187506
GS3,33042,53.13310297800124,-27.75870335399942,0.01541584065547891,0.20823272327522482,0.40411848217181695,0.565306813788365,13017.631077203241
GS3,37183,53.16029892399948,-27.7377943160002,0.2043371585718277,0.0560331683139702,0.397107559591207,2.1333489692579,15439.602372890831
GS4,27629,53.15050986562146,-27.78386752930287,0.2300168033056322,0.13815597078864447,0.393347405285554,0.397195083773047,15768.815418378204
GN2,20873,189.18855273,62.244942059,0.06328961169719646,0.4363595370929047,0.387030790772893,0.365072856076614,13631.372821958057
GN4,31904,189.27950379,62.302044369,0.06596155158782767,0.03383007580591206,0.38445412528731904,0.512181012742703,13665.62709135595
GN7,20148,189.13034825,62.24134903599999,0.2734812308163396,1.02975610895283,0.382150053148728,0.20261192026878602,16326.029379065474
GS2,42110,53.107881358,-27.71364211,0.2711057990421085,0.20272940740210477,0.37445499320347203,0.800950747915809,16295.57634371983
GN4,24630,189.3260212920162,62.26282421624416,0.1390298937826203,0.006312097563570223,0.36488327695414097,0.45123781747097,14602.363238293192
GN7,17170,189.10745819,62.226891661,0.02113462637857161,0.09499875136727774,0.363330267342727,0.161755704048351,13090.945910173288
GN7,23960,189.12776569,62.25975805500002,0.1670208982579572,1.5537322170753969,0.35417386965660297,0.656961254433011,14961.207915667013
GS3,34418,53.150246327,-27.75224185000001,0.1501037307880791,0.009334625117179552,0.35210315258256397,0.389448268589924,14744.329828703174
GN2,11964,189.27042813,62.20138025799999,0.2152448070460732,0.47616180466088454,0.351983270418883,1.7276174390721701,15579.43842633066
GS2,46394,53.121747193,-27.693347107,0.09274330546217699,0.07041892381821815,0.346391696044327,0.132924166309453,14008.969176025108
ERSPRIME,43429,53.046828295,-27.707255144,0.09075215646604452,0.054796671405826045,0.345380622488021,0.54631250236707,13983.442645894691
GS3,37545,53.19731246599999,-27.736315158,0.08912914385205653,0.3474632136457164,0.334174513274813,0.387822256207983,13962.635624183364
GS4,27148,53.13119870500001,-27.785195603,0.05026149093648374,0.43135797779197327,0.329142831483447,1.22891623232203,13464.352313805723
GS2,44810,53.118525955,-27.701049018,0.08505131990877525,0.01471979073317691,0.317663861238968,0.40419719728724396,13910.3579212305
GS4,26559,53.14984075026587,-27.78744274151697,0.2443045496376177,0.004182717125030824,0.316070806601133,0.20509634448303,15951.984326354259
GN1,37096,189.2864307,62.346459905,0.0553439682558913,0.1186111183396817,0.303439696365974,0.48535066927430903,13529.509673040528
GN1,37966,189.3062176,62.369608306,0.1546590106557125,0.21782543302884705,0.286139370384282,1.12273998572035,14802.728516606234
GS1,47860,53.24882882699999,-27.68596355999999,0.1648367515195432,0.16490962238449627,0.27989774157458003,0.9429856266398611,14933.207154480544
GS4,23108,53.18603599600002,-27.80216005499999,0.2272594239966357,0.04993784420406216,0.27544004465954897,0.602702969596589,15733.46581563687
GS4,27624,53.123760515,-27.78341839200001,0.1911961189033761,0.1162799452635172,0.251253871443885,0.45613453200628895,15271.134244341283
GS4,21946,53.13102735300115,-27.80842367900077,0.2561877861759279,0.031437511209159746,0.24122587911319698,0.715898155042841,16104.327418775396
GN4,20421,189.28208931,62.24241557599999,0.1414777982918077,0.24345753318874291,0.239895158463437,0.645994481671732,14633.745374100974
GS2,45222,53.15324774900002,-27.69915624700001,0.2629280642235816,0.11465486087459659,0.233018316486611,0.33593656975180797,16190.737783346316
GS4,26881,53.18077776300719,-27.7862553600029,0.155956230648385,0.024785047075592835,0.229275116708202,0.308107112312888,14819.358876912296
GN4,21733,189.3135279594654,62.24936125189139,0.0896689378940608,0.3228596612523728,0.2292135200887,0.35912493583991,13969.555783801858
GS2,48006,53.14936366900002,-27.68567183599999,0.2627276424465652,0.008334172594768707,0.218244647019604,0.534042548211347,16188.168376164966
GN5,34312,189.1918718583721,62.3195276721834,0.2996299735017465,0.0027404221330914963,0.197887768005301,1.10035566764653,16661.25626029239
GN4,20016,189.3234718517331,62.24049618322338,0.219260904325483,0.27631926880635826,0.196271645065935,0.866485396589496,15630.924793452692
GS3,41897,53.172326186,-27.71516901,0.1557599203364509,0.050782821796239906,0.18992053707586498,0.981707032835258,14816.8421787133
GN3,36068,189.27966552,62.33467679499999,0.1867206957855508,0.33509420170858983,0.17719473726614599,1.33163483997064,15213.75931997076
GN4,30116,189.30026075,62.29127842599999,0.2666216253459486,0.06864020264439187,0.170569084449287,0.50014212736689,16238.08923693506
GN3,35017,189.25201456,62.325148151,0.2286542678088557,0.01967565121301756,0.167858532640631,1.5347182634235599,15751.34771330953
GS3,33559,53.13349834700093,-27.75663433799962,0.3215122609907304,0.04508552932159252,0.162230268864042,3.53109771367571,16941.787185901165
GN7,19794,189.12337231,62.23907680399999,0.07067629542945446,0.0443177536390675,0.15985073283349002,0.196007827881788,13726.070107405605
ERSPRIME,45267,53.05000607200001,-27.698701247,0.08957817705377888,0.03451934299540546,0.157012060129144,0.57714120166268,13968.392229829446
GN2,16080,189.23962658,62.22134484399998,0.1917005160238804,0.35032613009162755,0.144200474818654,0.383409651104496,15277.600615426149
GS3,36127,53.171538657,-27.743343628,0.2395010181271008,0.06778005214088946,0.137545136117058,0.833714517167334,15890.403052389434
GS3,37170,53.175845991,-27.737658816,0.09428627887761634,2.9796319743703874,0.11719736407764099,0.36318950775284703,14028.750095211042
GN4,23274,189.3659305115426,62.25639609777537,0.2349993711851456,0.22321473551825768,0.11589411104566401,0.6781384136390359,15832.691938593567
GN7,13393,189.16575574,62.20792911600002,0.1024023915650504,0.3508229436495737,0.112772514404411,1.07021631728355,14132.798659863947
GS5,41160,53.13080393663757,-27.71771106635111,0.07245058263313453,0.04160171833439642,0.10116923096302001,0.439209533196578,13748.816469356785
GS3,36686,53.18894819,-27.74082643699998,0.09038286314039157,0.019794807592583365,0.0999398664546878,0.393821043529678,13978.70830545982
GN5,31929,189.1403955,62.30182075099999,0.08319244824805651,0.2588119810423103,0.064267168391723,0.3100922083342,13886.527186540086
GS5,38436,53.12879788300532,-27.73141055168471,0.2780014318345633,0.13554467958215252,0.060947200908536905,0.110986190464947,16383.978356119103
GN3,30796,189.23421974,62.29525272199999,0.3181355930749568,0.0016278730244874283,0.058130232219176604,2.9682422684409797,16898.498303220946
GS4,22252,53.16220584299845,-27.80544693500151,0.2793916002791932,0.008053675217020778,0.0573197491884652,1.09343057016049,16401.800315579258
GS2,46900,53.11970920500001,-27.6909033,0.2657190246197054,0.03992217618237288,0.046713999035022595,0.8943386156094429,16226.517895624624
GS3,36298,53.191619736,-27.742728323,0.2629558983944273,0.01085377780671864,0.0440465240793461,0.342220194545165,16191.094617416558
GS3,36509,53.15323029299999,-27.74153995700001,0.09197088132511484,3.1895812347349244,0.0232841446412383,0.443733619356434,13999.06669858797
GN3,33739,189.31935597,62.31458624499999,0.1635908860556408,0.1754286921522383,0.0207472271454107,0.525840903042604,14917.235159233314
GS5,37494,53.12871072116392,-27.73636010302241,0.1792200670293284,0.1472583188310924,0.012779621092069602,0.5187918731596051,15117.60125931599
GS4,29169,53.16792740997968,-27.7780665760014,0.2035365728046612,0.058551765186999484,0.0013757470809489599,0.488967577457047,15429.338863355757
